{"global_step": 22937600, "_timestamp": 1713295962.7453682, "performance/step_inference_rl_update_fps": 64507.90234375, "performance/step_inference_fps": 78238.28125, "performance/step_fps": 82366.8359375, "performance/rl_update_time": 0.17829060554504395, "performance/step_inference_time": 0.8376462459564209, "performance/step_time": 0.7956600189208984, "losses/a_loss": 0.0018908570054918528, "losses/c_loss": 0.01030588336288929, "losses/entropy": -0.18305251002311707, "info/last_lr": 0.001316872425377369, "info/lr_mul": 1.0, "info/e_clip": 0.20000000298023224, "info/kl": 0.019524939358234406, "info/epochs": 351.0, "_runtime": 402, "_step": 1050, "Episode/rew_pos": 0.05239773541688919, "Episode/rew_orient": 0.021909911185503006, "Episode/rew_effort": 6.047127385500062e-07, "Episode/rew_spin": 0.0002824959810823202, "Episode/raw_dist": 0.01740017719566822, "Episode/raw_orient": 0.04970835894346237, "Episode/raw_effort": 5.8745951652526855, "Episode/raw_spin": 1.9889545440673828, "losses/bounds_loss": 3.4057564735412598, "rewards/step": 44.07626724243164, "rewards/iter": 44.07626724243164, "rewards/time": 44.07626724243164, "episode_lengths/step": 47.099212646484375, "episode_lengths/iter": 47.099212646484375, "episode_lengths/time": 47.09727096557617}