{"global_step": 8781824, "_timestamp": 1715707960.5466855, "performance/step_inference_rl_update_fps": 62495.33203125, "performance/step_inference_fps": 74474.9140625, "performance/step_fps": 78256.7421875, "performance/rl_update_time": 0.16867971420288086, "performance/step_inference_time": 0.8799741268157959, "performance/step_time": 0.8374485969543457, "losses/a_loss": 0.002202108036726713, "losses/c_loss": 0.0267298873513937, "losses/entropy": 2.237485408782959, "info/last_lr": 0.001316872425377369, "info/lr_mul": 1.0, "info/e_clip": 0.20000000298023224, "info/kl": 0.024200133979320526, "info/epochs": 135.0, "_runtime": 182, "_step": 405, "Episode/rew_pos": 0.22193458676338196, "Episode/rew_orient": 0.08961924910545349, "Episode/rew_effort": 7.440476110787131e-06, "Episode/rew_spin": 0.04182332009077072, "Episode/raw_dist": 0.07614221423864365, "Episode/raw_orient": 0.3264758586883545, "Episode/raw_effort": 48.315391540527344, "Episode/raw_spin": 0.7389823794364929, "losses/bounds_loss": 0.7499610185623169, "rewards/step": 15331.9931640625, "rewards/iter": 15331.9931640625, "rewards/time": 15331.9931640625, "episode_lengths/step": 243.87599182128906, "episode_lengths/iter": 243.87599182128906, "episode_lengths/time": 243.87599182128906}