{"global_step": 28966912, "_timestamp": 1719388791.3491485, "performance/step_inference_rl_update_fps": 59959.86328125, "performance/step_inference_fps": 70866.3203125, "performance/step_fps": 74128.203125, "performance/rl_update_time": 0.1682138442993164, "performance/step_inference_time": 0.92478346824646, "performance/step_time": 0.8840899467468262, "losses/a_loss": -0.000443599303252995, "losses/c_loss": 0.04556022584438324, "losses/entropy": -1.2794005870819092, "info/last_lr": 0.00039018443203531206, "info/lr_mul": 1.0, "info/e_clip": 0.20000000298023224, "info/kl": 0.017197497189044952, "info/epochs": 443.0, "_runtime": 537, "_step": 1329, "Episode/rew_pos": 0.6808255910873413, "Episode/rew_orient": 0.23578740656375885, "Episode/rew_effort": 4.861110937781632e-05, "Episode/rew_spin": 0.03567971661686897, "Episode/rew_head": 0.9006060361862183, "Episode/raw_dist": 0.13052970170974731, "Episode/raw_orient": 0.8620020151138306, "Episode/raw_effort": 127.36876678466797, "Episode/raw_spin": 27.047422409057617, "Episode/raw_head": -0.01174205169081688, "losses/bounds_loss": 1.9622933864593506, "rewards/step": 1503.4324951171875, "rewards/iter": 1503.4324951171875, "rewards/time": 1503.4324951171875, "episode_lengths/step": 633.7584838867188, "episode_lengths/iter": 633.7584838867188, "episode_lengths/time": 633.7584838867188}