{"global_step": 2818048, "_timestamp": 1717792787.8425846, "performance/step_inference_rl_update_fps": 47663.90234375, "performance/step_inference_fps": 55002.609375, "performance/step_fps": 56863.37890625, "performance/rl_update_time": 0.18345355987548828, "performance/step_inference_time": 1.19150710105896, "performance/step_time": 1.1525168418884277, "losses/a_loss": -0.0020920580718666315, "losses/c_loss": 0.1056019738316536, "losses/entropy": 4.027959823608398, "info/last_lr": 0.0008779149502515793, "info/lr_mul": 1.0, "info/e_clip": 0.20000000298023224, "info/kl": 0.03023482859134674, "info/epochs": 44.0, "_runtime": 100, "_step": 132, "Episode/rew_pos": 0.049591273069381714, "Episode/rew_orient": 0.020762763917446136, "Episode/rew_effort": 7.57328889449127e-05, "Episode/rew_spin": 0.001516222022473812, "Episode/rew_head": 0.07183309644460678, "Episode/raw_dist": 0.013834882527589798, "Episode/raw_orient": 0.06191542372107506, "Episode/raw_effort": 9.9436616897583, "Episode/raw_spin": 0.6003124117851257, "Episode/raw_head": -0.0010976066114380956, "losses/bounds_loss": 1.156156301498413, "rewards/step": 113.54586791992188, "rewards/iter": 113.54586791992188, "rewards/time": 113.54586791992188, "episode_lengths/step": 50.4561767578125, "episode_lengths/iter": 50.4561767578125, "episode_lengths/time": 50.4561767578125}