{"global_step": 3145728, "_timestamp": 1715706025.576643, "performance/step_inference_rl_update_fps": 68317.96875, "performance/step_inference_fps": 81615.359375, "performance/step_fps": 85618.0625, "performance/rl_update_time": 0.15629243850708008, "performance/step_inference_time": 0.8029861450195312, "performance/step_time": 0.7654459476470947, "losses/a_loss": 0.001515581738203764, "losses/c_loss": 0.160322904586792, "losses/entropy": 3.3734822273254395, "info/last_lr": 0.00039018443203531206, "info/lr_mul": 1.0, "info/e_clip": 0.20000000298023224, "info/kl": 0.02646273747086525, "info/epochs": 49.0, "_runtime": 85, "_step": 147, "Episode/rew_pos": 0.0599890872836113, "Episode/rew_orient": 0.025891434401273727, "Episode/rew_effort": 1.3136741472408175e-05, "Episode/rew_spin": 0.005840351805090904, "Episode/raw_dist": 0.022841958329081535, "Episode/raw_orient": 0.0877876803278923, "Episode/raw_effort": 13.358070373535156, "Episode/raw_spin": 0.3774787187576294, "losses/bounds_loss": 0.9062345027923584, "rewards/step": 52115.55078125, "rewards/iter": 52115.55078125, "rewards/time": 52115.55078125, "episode_lengths/step": 66.18147277832031, "episode_lengths/iter": 66.18147277832031, "episode_lengths/time": 66.18147277832031}