{"global_step": 589824, "_timestamp": 1720523700.7803214, "performance/step_inference_rl_update_fps": 25276.0, "performance/step_inference_fps": 27023.25, "performance/step_fps": 29075.818359375, "performance/rl_update_time": 0.041910409927368164, "performance/step_inference_time": 0.606292724609375, "performance/step_time": 0.5634922981262207, "losses/a_loss": 0.005067043472081423, "losses/c_loss": 0.3435858488082886, "losses/entropy": 4.358518600463867, "info/last_lr": 0.00296296295709908, "info/lr_mul": 1.0, "info/e_clip": 0.20000000298023224, "info/kl": 0.024026013910770416, "info/epochs": 37.0, "_runtime": 37, "_step": 55, "Episode/rew_pos": 0.036463674157857895, "Episode/rew_orient": 0.01595245487987995, "Episode/rew_effort": 0.0021793385967612267, "Episode/rew_spin": 0.0013095978647470474, "Episode/rew_head": 0.053807761520147324, "Episode/raw_dist": 0.01109903585165739, "Episode/raw_orient": 0.04505045711994171, "Episode/raw_effort": 6.35627555847168, "Episode/raw_spin": 0.677848756313324, "Episode/raw_head": -0.0007683387957513332, "losses/bounds_loss": 0.5354347229003906, "rewards/step": 85.68677520751953, "rewards/iter": 85.68677520751953, "rewards/time": 85.68677520751953, "episode_lengths/step": 38.35002899169922, "episode_lengths/iter": 38.35002899169922, "episode_lengths/time": 38.35002899169922}