{"global_step": 1769472, "_timestamp": 1716913908.1386824, "performance/step_inference_rl_update_fps": 53214.35546875, "performance/step_inference_fps": 62030.203125, "performance/step_fps": 64215.01953125, "performance/rl_update_time": 0.17502951622009277, "performance/step_inference_time": 1.0565176010131836, "performance/step_time": 1.020571231842041, "losses/a_loss": 0.001939589623361826, "losses/c_loss": 0.07894718647003174, "losses/entropy": 4.908712387084961, "info/last_lr": 0.004444444552063942, "info/lr_mul": 1.0, "info/e_clip": 0.20000000298023224, "info/kl": 0.016235830262303352, "info/epochs": 28.0, "_runtime": 74, "_step": 82, "Episode/rew_pos": 0.02117234095931053, "Episode/rew_orient": 0.0074247559532523155, "Episode/rew_effort": 0.004020700231194496, "Episode/rew_spin": 0.0023610075004398823, "Episode/rew_head": 0.028684981167316437, "Episode/raw_dist": 0.004648589063435793, "Episode/raw_orient": 0.027712780982255936, "Episode/raw_effort": 2.267683506011963, "Episode/raw_spin": 0.11869485676288605, "Episode/raw_head": 0.00010392598051112145, "losses/bounds_loss": 0.09610697627067566, "rewards/step": 48.16481018066406, "rewards/iter": 48.16481018066406, "rewards/time": 47.99473571777344, "episode_lengths/step": 19.998355865478516, "episode_lengths/iter": 19.998355865478516, "episode_lengths/time": 19.998355865478516}