{"global_step": 4259840, "_timestamp": 1715707512.788326, "performance/step_inference_rl_update_fps": 63860.38671875, "performance/step_inference_fps": 77099.1484375, "performance/step_fps": 81013.2109375, "performance/rl_update_time": 0.17621588706970215, "performance/step_inference_time": 0.8500223159790039, "performance/step_time": 0.8089544773101807, "losses/a_loss": -0.0011348543921485543, "losses/c_loss": 0.07698306441307068, "losses/entropy": 2.871751546859741, "info/last_lr": 0.0008779149502515793, "info/lr_mul": 1.0, "info/e_clip": 0.20000000298023224, "info/kl": 0.022272637113928795, "info/epochs": 66.0, "_runtime": 110, "_step": 198, "Episode/rew_pos": 0.08305920660495758, "Episode/rew_orient": 0.03334802761673927, "Episode/rew_effort": 1.0336618228024008e-09, "Episode/rew_spin": 0.010339219123125076, "Episode/raw_dist": 0.02670704759657383, "Episode/raw_orient": 0.11800077557563782, "Episode/raw_effort": 17.703054428100586, "Episode/raw_spin": 0.39022836089134216, "losses/bounds_loss": 0.9342861175537109, "rewards/step": 18938.806640625, "rewards/iter": 18938.806640625, "rewards/time": 18938.806640625, "episode_lengths/step": 88.29026794433594, "episode_lengths/iter": 88.29026794433594, "episode_lengths/time": 88.29026794433594}