{"global_step": 770048, "_timestamp": 1720549776.7376266, "performance/step_inference_rl_update_fps": 24578.951171875, "performance/step_inference_fps": 26243.091796875, "performance/step_fps": 28117.61328125, "performance/rl_update_time": 0.04226970672607422, "performance/step_inference_time": 0.6243166923522949, "performance/step_time": 0.5826952457427979, "losses/a_loss": 0.010493189096450806, "losses/c_loss": 0.2394106090068817, "losses/entropy": 4.067841053009033, "info/last_lr": 0.00296296295709908, "info/lr_mul": 1.0, "info/e_clip": 0.20000000298023224, "info/kl": 0.054657407104969025, "info/epochs": 48.0, "_runtime": 43, "_step": 66, "Episode/rew_pos": 0.04243568331003189, "Episode/rew_orient": 0.019022228196263313, "Episode/rew_effort": 0.002092975191771984, "Episode/rew_spin": 0.001557937590405345, "Episode/rew_head": 0.06513053178787231, "Episode/raw_dist": 0.014738637953996658, "Episode/raw_orient": 0.05563058704137802, "Episode/raw_effort": 8.07796573638916, "Episode/raw_spin": 1.0906262397766113, "Episode/raw_head": -0.0018777167424559593, "losses/bounds_loss": 0.6025747060775757, "rewards/step": 99.41585540771484, "rewards/iter": 99.41585540771484, "rewards/time": 99.41585540771484, "episode_lengths/step": 45.67123031616211, "episode_lengths/iter": 45.67123031616211, "episode_lengths/time": 45.67123031616211}