{"global_step": 5701632, "_timestamp": 1719179537.4148324, "performance/step_inference_rl_update_fps": 48059.17578125, "performance/step_inference_fps": 54982.94921875, "performance/step_fps": 57042.06640625, "performance/rl_update_time": 0.17171859741210938, "performance/step_inference_time": 1.1919331550598145, "performance/step_time": 1.1489064693450928, "losses/a_loss": -0.0004538993816822767, "losses/c_loss": 0.046204715967178345, "losses/entropy": 2.9924802780151367, "info/last_lr": 0.00039018443203531206, "info/lr_mul": 1.0, "info/e_clip": 0.20000000298023224, "info/kl": 0.027193846181035042, "info/epochs": 88.0, "_runtime": 155, "_step": 264, "Episode/rew_pos": 0.10497007519006729, "Episode/rew_orient": 0.042123980820178986, "Episode/rew_effort": 0.001027019345201552, "Episode/rew_spin": 0.00885834451764822, "Episode/rew_head": 0.1579386442899704, "Episode/raw_dist": 0.03334958106279373, "Episode/raw_orient": 0.1484755575656891, "Episode/raw_effort": 21.536264419555664, "Episode/raw_spin": 0.9934784173965454, "Episode/raw_head": -0.0024335593916475773, "losses/bounds_loss": 1.28751540184021, "rewards/step": 244.70330810546875, "rewards/iter": 244.70330810546875, "rewards/time": 244.70330810546875, "episode_lengths/step": 110.5400161743164, "episode_lengths/iter": 110.5400161743164, "episode_lengths/time": 110.5400161743164}