{"global_step": 2621440, "_timestamp": 1719211994.8133411, "performance/step_inference_rl_update_fps": 131619.90625, "performance/step_inference_fps": 199074.953125, "performance/step_fps": 327179.5, "performance/rl_update_time": 0.1687154769897461, "performance/step_inference_time": 0.32920265197753906, "performance/step_time": 0.20030593872070312, "losses/a_loss": 0.018087713047862053, "losses/c_loss": 0.3371625542640686, "losses/entropy": 5.284512519836426, "info/last_lr": 0.0019753086380660534, "info/lr_mul": 1.0, "info/e_clip": 0.20000000298023224, "info/kl": 0.04244210571050644, "info/epochs": 41.0, "_runtime": 116, "_step": 123, "Episode/rew_pos": 0.0008115129894576967, "Episode/rew_orient": 0.0005498800310306251, "Episode/rew_effort": 0.0005885880091227591, "Episode/rew_spin": 0.00042988508357666433, "Episode/rew_head": 0.002174331806600094, "Episode/raw_dist": 0.0015247052069753408, "Episode/raw_orient": 0.0021564990747720003, "Episode/raw_effort": 0.08915761858224869, "Episode/raw_spin": 0.0033399786334484816, "Episode/raw_head": -2.9441229344229214e-05, "losses/bounds_loss": 1.1380478099454194e-05, "rewards/step": 2.653620481491089, "rewards/iter": 2.653620481491089, "rewards/time": 2.653620481491089, "episode_lengths/step": 1.524091124534607, "episode_lengths/iter": 1.524091124534607, "episode_lengths/time": 1.524091124534607}