{"global_step": 10436608, "_timestamp": 1720552236.1566734, "performance/step_inference_rl_update_fps": 25347.76953125, "performance/step_inference_fps": 26986.98828125, "performance/step_fps": 28819.107421875, "performance/rl_update_time": 0.0392608642578125, "performance/step_inference_time": 0.607107400894165, "performance/step_time": 0.5685117244720459, "losses/a_loss": 0.03020869940519333, "losses/c_loss": 0.06601011753082275, "losses/entropy": 0.9967123866081238, "info/last_lr": 0.0008779149502515793, "info/lr_mul": 1.0, "info/e_clip": 0.20000000298023224, "info/kl": 0.03051946684718132, "info/epochs": 638.0, "_runtime": 431, "_step": 656, "Episode/rew_pos": 0.35451555252075195, "Episode/rew_orient": 0.13927540183067322, "Episode/rew_effort": 2.380952355451882e-05, "Episode/rew_spin": 0.05731073021888733, "Episode/rew_head": 0.5223163366317749, "Episode/raw_dist": 0.10428540408611298, "Episode/raw_orient": 0.49211618304252625, "Episode/raw_effort": 73.97055053710938, "Episode/raw_spin": 1.189990520477295, "Episode/raw_head": -0.014778847806155682, "losses/bounds_loss": 2.1711573600769043, "rewards/step": 879.228759765625, "rewards/iter": 879.228759765625, "rewards/time": 879.228759765625, "episode_lengths/step": 381.1199035644531, "episode_lengths/iter": 381.1199035644531, "episode_lengths/time": 381.1199035644531}