{"global_step": 283836416, "_timestamp": 1713295126.6680307, "performance/step_inference_rl_update_fps": 62874.98046875, "performance/step_inference_fps": 74773.453125, "performance/step_fps": 78898.78125, "performance/rl_update_time": 0.1658613681793213, "performance/step_inference_time": 0.8764607906341553, "performance/step_time": 0.8306338787078857, "losses/a_loss": 0.007189387921243906, "losses/c_loss": 0.01667599007487297, "losses/entropy": -6.787641525268555, "info/last_lr": 0.00011561020073713735, "info/lr_mul": 1.0, "info/e_clip": 0.20000000298023224, "info/kl": 0.026019878685474396, "info/epochs": 4332.0, "_runtime": 4522, "_step": 12992, "Episode/rew_pos": 0.07544642686843872, "Episode/rew_orient": 0.02827613800764084, "Episode/rew_effort": 3.4374984772739916e-21, "Episode/rew_spin": 0.0040617166087031364, "Episode/raw_dist": 0.03193298727273941, "Episode/raw_orient": 0.09198129177093506, "Episode/raw_effort": 9.018082618713379, "Episode/raw_spin": 0.36088842153549194, "losses/bounds_loss": 3.008511543273926, "rewards/step": 67.53775024414062, "rewards/iter": 67.53775024414062, "rewards/time": 66.01583099365234, "episode_lengths/step": 71.3326644897461, "episode_lengths/iter": 71.3326644897461, "episode_lengths/time": 71.3326644897461}