{"global_step": 327548928, "_timestamp": 1716963461.0796547, "performance/step_inference_rl_update_fps": 66303.4296875, "performance/step_inference_fps": 81115.125, "performance/step_fps": 84779.3828125, "performance/rl_update_time": 0.18048691749572754, "performance/step_inference_time": 0.8079380989074707, "performance/step_time": 0.7730181217193604, "losses/a_loss": 0.0046729291789233685, "losses/c_loss": 0.24240273237228394, "losses/entropy": -6.683875560760498, "info/last_lr": 0.0002601229352876544, "info/lr_mul": 1.0, "info/e_clip": 0.20000000298023224, "info/kl": 0.01810467429459095, "info/epochs": 4999.0, "_runtime": 5330, "_step": 14995, "Episode/rew_pos": 0.33136850595474243, "Episode/rew_orient": 0.1317577213048935, "Episode/rew_effort": 1.481819495666864e-13, "Episode/rew_spin": 0.0766439288854599, "Episode/rew_head": 0.5024773478507996, "Episode/raw_dist": 0.10708321630954742, "Episode/raw_orient": 0.48040273785591125, "Episode/raw_effort": 55.661441802978516, "Episode/raw_spin": 1.4185341596603394, "Episode/raw_head": -0.007700250018388033, "losses/bounds_loss": 0.019061418250203133, "rewards/step": 764.100830078125, "rewards/iter": 764.100830078125, "rewards/time": 912.4554443359375, "episode_lengths/step": 394.2164001464844, "episode_lengths/iter": 394.2164001464844, "episode_lengths/time": 394.2164001464844}