{"global_step": 24051712, "_timestamp": 1719389870.8780077, "performance/step_inference_rl_update_fps": 54867.63671875, "performance/step_inference_fps": 64586.35546875, "performance/step_fps": 67177.734375, "performance/rl_update_time": 0.1797342300415039, "performance/step_inference_time": 1.0147035121917725, "performance/step_time": 0.9755613803863525, "losses/a_loss": 0.004002934321761131, "losses/c_loss": 0.03852800279855728, "losses/entropy": 1.0853856801986694, "info/last_lr": 0.00039018443203531206, "info/lr_mul": 1.0, "info/e_clip": 0.20000000298023224, "info/kl": 0.0447542741894722, "info/epochs": 368.0, "_runtime": 475, "_step": 1102, "Episode/rew_pos": 0.6938439011573792, "Episode/rew_orient": 0.2589434087276459, "Episode/rew_effort": 8.020634595595766e-06, "Episode/rew_spin": 0.14246979355812073, "Episode/rew_head": 0.9974561929702759, "Episode/raw_dist": 0.18775048851966858, "Episode/raw_orient": 0.9623929262161255, "Episode/raw_effort": 140.14788818359375, "Episode/raw_spin": 1.377856731414795, "Episode/raw_head": -0.011165132746100426, "losses/bounds_loss": 0.8866992592811584, "rewards/step": 1650.4119873046875, "rewards/iter": 1650.4119873046875, "rewards/time": 1639.420166015625, "episode_lengths/step": 689.8049926757812, "episode_lengths/iter": 689.8049926757812, "episode_lengths/time": 689.8049926757812}