{"global_step": 1916928, "_timestamp": 1720517584.6543732, "performance/step_inference_rl_update_fps": 25930.771484375, "performance/step_inference_fps": 27877.111328125, "performance/step_fps": 29858.79296875, "performance/rl_update_time": 0.0441136360168457, "performance/step_inference_time": 0.5877223014831543, "performance/step_time": 0.5487160682678223, "losses/a_loss": 0.0060344114899635315, "losses/c_loss": 0.10808447003364563, "losses/entropy": 3.7047953605651855, "info/last_lr": 0.001316872425377369, "info/lr_mul": 1.0, "info/e_clip": 0.20000000298023224, "info/kl": 0.033219173550605774, "info/epochs": 118.0, "_runtime": 87, "_step": 138, "Episode/rew_pos": 0.09903568029403687, "Episode/rew_orient": 0.04051949828863144, "Episode/rew_effort": 4.996637289877981e-05, "Episode/rew_spin": 0.011899009346961975, "Episode/rew_head": 0.15246465802192688, "Episode/raw_dist": 0.03410007432103157, "Episode/raw_orient": 0.14412924647331238, "Episode/raw_effort": 21.48618507385254, "Episode/raw_spin": 0.5299486517906189, "Episode/raw_head": -0.004072533920407295, "losses/bounds_loss": 2.1356139183044434, "rewards/step": 235.1913299560547, "rewards/iter": 235.1913299560547, "rewards/time": 235.1913299560547, "episode_lengths/step": 106.50155639648438, "episode_lengths/iter": 106.50155639648438, "episode_lengths/time": 106.50155639648438}