{"global_step": 129236992, "_timestamp": 1719424953.1887975, "performance/step_inference_rl_update_fps": 51425.96484375, "performance/step_inference_fps": 59070.171875, "performance/step_fps": 61007.83984375, "performance/rl_update_time": 0.1649150848388672, "performance/step_inference_time": 1.1094601154327393, "performance/step_time": 1.0742225646972656, "losses/a_loss": 0.009503993205726147, "losses/c_loss": 0.15958839654922485, "losses/entropy": -4.337850570678711, "info/last_lr": 7.707346958341077e-05, "info/lr_mul": 1.0, "info/e_clip": 0.20000000298023224, "info/kl": 0.037706613540649414, "info/epochs": 1973.0, "_runtime": 2637, "_step": 5919, "Episode/rew_pos": 0.1420847475528717, "Episode/rew_orient": 0.058239467442035675, "Episode/rew_effort": 9.25542575913596e-09, "Episode/rew_spin": 0.017288407310843468, "Episode/rew_head": 0.2197500318288803, "Episode/raw_dist": 0.04910606890916824, "Episode/raw_orient": 0.20767593383789062, "Episode/raw_effort": 29.89238739013672, "Episode/raw_spin": 0.6531595587730408, "Episode/raw_head": -0.0030574065167456865, "losses/bounds_loss": 0.6048910617828369, "rewards/step": 313.587890625, "rewards/iter": 313.587890625, "rewards/time": 313.587890625, "episode_lengths/step": 140.94476318359375, "episode_lengths/iter": 140.94476318359375, "episode_lengths/time": 140.94476318359375}