{"global_step": 786432, "_timestamp": 1717745877.23076, "performance/step_inference_rl_update_fps": 25319.2734375, "performance/step_inference_fps": 27308.85546875, "performance/step_fps": 27736.95703125, "performance/rl_update_time": 0.18857598304748535, "performance/step_inference_time": 2.3998076915740967, "performance/step_time": 2.3627681732177734, "losses/a_loss": 0.0028507057577371597, "losses/c_loss": 0.551584005355835, "losses/entropy": 5.456544399261475, "info/last_lr": 0.00296296295709908, "info/lr_mul": 1.0, "info/e_clip": 0.20000000298023224, "info/kl": 0.01671772636473179, "info/epochs": 13.0, "_runtime": 72, "_step": 39, "Episode/rew_pos": 0.02286277711391449, "Episode/rew_orient": 0.009139238856732845, "Episode/rew_effort": 0.008013330399990082, "Episode/rew_spin": 0.0013958340277895331, "Episode/rew_head": 0.030218500643968582, "Episode/raw_dist": 0.004525708965957165, "Episode/raw_orient": 0.024639958515763283, "Episode/raw_effort": 1.2572474479675293, "Episode/raw_spin": 0.7400259971618652, "Episode/raw_head": -0.0003315209469292313, "losses/bounds_loss": 0.0, "rewards/step": 52.021156311035156, "rewards/iter": 52.021156311035156, "rewards/time": 52.021156311035156, "episode_lengths/step": 21.470989227294922, "episode_lengths/iter": 21.470989227294922, "episode_lengths/time": 21.470989227294922, "_wandb": {"runtime": 73}}