{"global_step": 22151168, "_timestamp": 1719302110.8561218, "performance/step_inference_rl_update_fps": 110157.0234375, "performance/step_inference_fps": 204423.53125, "performance/step_fps": 370060.90625, "performance/rl_update_time": 0.27434277534484863, "performance/step_inference_time": 0.3205893039703369, "performance/step_time": 0.1770951747894287, "losses/a_loss": -0.0040980735793709755, "losses/c_loss": 3.21734078170266e-05, "losses/entropy": -0.7293099164962769, "info/last_lr": 0.0005852766335010529, "info/lr_mul": 1.0, "info/e_clip": 0.20000000298023224, "info/kl": 0.020202096551656723, "info/epochs": 339.0, "_runtime": 306, "_step": 745, "Episode/rew_pos": 0.00021749685402028263, "Episode/rew_orient": 0.0003573638678062707, "Episode/rew_effort": 0.0003547614032868296, "Episode/rew_spin": 0.00037906752550043166, "Episode/rew_head": 0.0014263743069022894, "Episode/raw_dist": 0.001344523741863668, "Episode/raw_orient": 0.0014276877045631409, "Episode/raw_effort": 0.061134979128837585, "Episode/raw_spin": 0.0004784270713571459, "Episode/raw_head": -2.1988165826769546e-05, "losses/bounds_loss": 0.2003498375415802, "rewards/step": 1.3168511390686035, "rewards/iter": 1.3168511390686035, "rewards/time": 1.3168511390686035, "episode_lengths/step": 1.0, "episode_lengths/iter": 1.0, "episode_lengths/time": 1.0}