{"global_step": 327614464, "_timestamp": 1719399179.0251913, "performance/step_inference_rl_update_fps": 52367.04296875, "performance/step_inference_fps": 60236.5859375, "performance/step_fps": 62403.296875, "performance/rl_update_time": 0.1634972095489502, "performance/step_inference_time": 1.0879766941070557, "performance/step_time": 1.0502009391784668, "losses/a_loss": 0.012108998373150826, "losses/c_loss": 0.10639025270938873, "losses/entropy": -5.773774147033691, "info/last_lr": 0.00011561020073713735, "info/lr_mul": 1.0, "info/e_clip": 0.20000000298023224, "info/kl": 0.0331125408411026, "info/epochs": 5000.0, "_runtime": 6216, "_step": 14998, "Episode/rew_pos": 0.40182337164878845, "Episode/rew_orient": 0.14917448163032532, "Episode/rew_effort": 0.00173255056142807, "Episode/rew_spin": 0.09922242164611816, "Episode/rew_head": 0.570676326751709, "Episode/raw_dist": 0.1048656478524208, "Episode/raw_orient": 0.5462010502815247, "Episode/raw_effort": 79.1028060913086, "Episode/raw_spin": 0.6964396834373474, "Episode/raw_head": -0.0036138840951025486, "losses/bounds_loss": 5.571599960327148, "rewards/step": 970.8800659179688, "rewards/iter": 970.8800659179688, "rewards/time": 948.0952758789062, "episode_lengths/step": 390.1485900878906, "episode_lengths/iter": 390.1485900878906, "episode_lengths/time": 390.1485900878906}