{"global_step": 103350272, "_timestamp": 1713261232.5628169, "performance/step_inference_rl_update_fps": 66111.71875, "performance/step_inference_fps": 80458.2578125, "performance/step_fps": 84457.9375, "performance/rl_update_time": 0.1767570972442627, "performance/step_inference_time": 0.8145341873168945, "performance/step_time": 0.7759602069854736, "losses/a_loss": 0.015622259117662907, "losses/c_loss": 0.011364413425326347, "losses/entropy": -6.745116710662842, "info/last_lr": 0.00017341530474368483, "info/lr_mul": 1.0, "info/e_clip": 0.20000000298023224, "info/kl": 0.023595130071043968, "info/epochs": 1578.0, "_runtime": 1626, "_step": 3930, "Episode/rew_pos": 0.007028806954622269, "Episode/rew_orient": 0.01913168653845787, "Episode/rew_effort": 0.0007688408950343728, "Episode/rew_spin": 0.005797485820949078, "Episode/raw_dist": 0.04354375600814819, "Episode/raw_orient": 0.07578420639038086, "Episode/raw_effort": 6.321859359741211, "Episode/raw_spin": 0.024211354553699493, "losses/bounds_loss": 0.1810939610004425, "rewards/step": 6.596929550170898, "rewards/iter": 6.596929550170898, "rewards/time": 6.596929550170898, "episode_lengths/step": 53.26193618774414, "episode_lengths/iter": 53.26193618774414, "episode_lengths/time": 53.26193618774414}