{"global_step": 6029312, "_timestamp": 1719388077.680596, "performance/step_inference_rl_update_fps": 54930.17578125, "performance/step_inference_fps": 64402.359375, "performance/step_fps": 66666.8046875, "performance/rl_update_time": 0.1754755973815918, "performance/step_inference_time": 1.0176024436950684, "performance/step_time": 0.9830379486083984, "losses/a_loss": -0.0034485962241888046, "losses/c_loss": 0.07260750234127045, "losses/entropy": 3.271914482116699, "info/last_lr": 0.001316872425377369, "info/lr_mul": 1.0, "info/e_clip": 0.20000000298023224, "info/kl": 0.024715442210435867, "info/epochs": 93.0, "_runtime": 152, "_step": 279, "Episode/rew_pos": 0.1375184953212738, "Episode/rew_orient": 0.053459130227565765, "Episode/rew_effort": 0.0001632479252293706, "Episode/rew_spin": 0.011311485432088375, "Episode/rew_head": 0.19971506297588348, "Episode/raw_dist": 0.03914580121636391, "Episode/raw_orient": 0.1869308352470398, "Episode/raw_effort": 27.990100860595703, "Episode/raw_spin": 3.020847797393799, "Episode/raw_head": -0.002237432636320591, "losses/bounds_loss": 0.8674038648605347, "rewards/step": 314.0268859863281, "rewards/iter": 314.0268859863281, "rewards/time": 314.0268859863281, "episode_lengths/step": 138.36700439453125, "episode_lengths/iter": 138.36700439453125, "episode_lengths/time": 138.36700439453125}