{"global_step": 81887232, "_timestamp": 1719429355.2481973, "performance/step_inference_rl_update_fps": 16617.595703125, "performance/step_inference_fps": 17456.61328125, "performance/step_fps": 18334.228515625, "performance/rl_update_time": 0.04738664627075195, "performance/step_inference_time": 0.9385554790496826, "performance/step_time": 0.8936290740966797, "losses/a_loss": 0.05652724578976631, "losses/c_loss": 0.04213985055685043, "losses/entropy": -3.570023536682129, "info/last_lr": 0.0005852766335010529, "info/lr_mul": 1.0, "info/e_clip": 0.20000000298023224, "info/kl": 0.06698644161224365, "info/epochs": 4999.0, "_runtime": 4232, "_step": 5017, "Episode/rew_pos": 0.3388824164867401, "Episode/rew_orient": 0.12775155901908875, "Episode/rew_effort": 5.135538511185987e-32, "Episode/rew_spin": 0.07341274619102478, "Episode/rew_head": 0.4846404790878296, "Episode/raw_dist": 0.09016188234090805, "Episode/raw_orient": 0.46222540736198425, "Episode/raw_effort": 68.66563415527344, "Episode/raw_spin": 1.0568716526031494, "Episode/raw_head": -0.01440747082233429, "losses/bounds_loss": 0.731587290763855, "rewards/step": 844.6390991210938, "rewards/iter": 844.6390991210938, "rewards/time": 844.6390991210938, "episode_lengths/step": 351.9444580078125, "episode_lengths/iter": 351.9444580078125, "episode_lengths/time": 351.9444580078125}