{"global_step": 524288, "_timestamp": 1717746289.909518, "performance/step_inference_rl_update_fps": 27311.4765625, "performance/step_inference_fps": 29616.751953125, "performance/step_fps": 30647.068359375, "performance/rl_update_time": 0.18677568435668945, "performance/step_inference_time": 2.212801694869995, "performance/step_time": 2.1384100914001465, "losses/a_loss": 0.0026008067652583122, "losses/c_loss": 0.5788467526435852, "losses/entropy": 5.525917053222656, "info/last_lr": 0.006666666828095913, "info/lr_mul": 1.0, "info/e_clip": 0.20000000298023224, "info/kl": 0.017821528017520905, "info/epochs": 9.0, "_runtime": 61, "_step": 27, "Episode/rew_pos": 0.023620229214429855, "Episode/rew_orient": 0.008999688550829887, "Episode/rew_effort": 0.008074168115854263, "Episode/rew_spin": 0.0020267099607735872, "Episode/rew_head": 0.03260493651032448, "Episode/raw_dist": 0.00560546712949872, "Episode/raw_orient": 0.02961614727973938, "Episode/raw_effort": 1.4834773540496826, "Episode/raw_spin": 0.579097330570221, "Episode/raw_head": -0.0002780846261885017, "losses/bounds_loss": 0.0, "rewards/step": 56.41427993774414, "rewards/iter": 56.41427993774414, "rewards/time": 56.41427993774414, "episode_lengths/step": 24.00649070739746, "episode_lengths/iter": 24.00649070739746, "episode_lengths/time": 24.00649070739746, "_wandb": {"runtime": 62}}