{"global_step": 5488640, "_timestamp": 1720524001.4248521, "performance/step_inference_rl_update_fps": 25781.44140625, "performance/step_inference_fps": 27560.66015625, "performance/step_fps": 29399.208984375, "performance/rl_update_time": 0.04102492332458496, "performance/step_inference_time": 0.5944705009460449, "performance/step_time": 0.5572938919067383, "losses/a_loss": 0.00029729295056313276, "losses/c_loss": 0.05831306427717209, "losses/entropy": 0.7207170724868774, "info/last_lr": 0.0008779149502515793, "info/lr_mul": 1.0, "info/e_clip": 0.20000000298023224, "info/kl": 0.022495020180940628, "info/epochs": 336.0, "_runtime": 231, "_step": 352, "Episode/rew_pos": 0.23811742663383484, "Episode/rew_orient": 0.09190984070301056, "Episode/rew_effort": 0.0011677037691697478, "Episode/rew_spin": 0.011276924051344395, "Episode/rew_head": 0.3313009738922119, "Episode/raw_dist": 0.05704071372747421, "Episode/raw_orient": 0.29984819889068604, "Episode/raw_effort": 46.40822219848633, "Episode/raw_spin": 3.9150660037994385, "Episode/raw_head": -0.009419659152626991, "losses/bounds_loss": 1.068253517150879, "rewards/step": 498.4156494140625, "rewards/iter": 498.4156494140625, "rewards/time": 498.4156494140625, "episode_lengths/step": 216.42166137695312, "episode_lengths/iter": 216.42166137695312, "episode_lengths/time": 216.42166137695312}