{"global_step": 65273856, "_timestamp": 1713365694.748445, "performance/step_inference_rl_update_fps": 65333.55078125, "performance/step_inference_fps": 78751.671875, "performance/step_fps": 82652.8203125, "performance/rl_update_time": 0.170912504196167, "performance/step_inference_time": 0.8321855068206787, "performance/step_time": 0.7929069995880127, "losses/a_loss": 0.00018347345758229494, "losses/c_loss": 0.007998188957571983, "losses/entropy": -3.268698215484619, "info/last_lr": 0.0005852766335010529, "info/lr_mul": 1.0, "info/e_clip": 0.20000000298023224, "info/kl": 0.014376874081790447, "info/epochs": 997.0, "_runtime": 1025, "_step": 2171, "Episode/rew_pos": 0.5342625379562378, "Episode/rew_orient": 0.26022976636886597, "Episode/rew_effort": 0.016864486038684845, "Episode/rew_spin": 0.20239847898483276, "Episode/raw_dist": 0.3172205090522766, "Episode/raw_orient": 0.9574910402297974, "Episode/raw_effort": 107.4635009765625, "Episode/raw_spin": 0.5544359683990479, "losses/bounds_loss": 0.26660796999931335, "rewards/step": 775.572021484375, "rewards/iter": 775.572021484375, "rewards/time": 775.572021484375, "episode_lengths/step": 698.9998168945312, "episode_lengths/iter": 698.9998168945312, "episode_lengths/time": 698.9998168945312}