{"global_step": 215744512, "_timestamp": 1713347849.3475313, "performance/step_inference_rl_update_fps": 62221.24609375, "performance/step_inference_fps": 74596.1796875, "performance/step_fps": 78286.1171875, "performance/rl_update_time": 0.174729585647583, "performance/step_inference_time": 0.8785436153411865, "performance/step_time": 0.8371343612670898, "losses/a_loss": 0.004644573666155338, "losses/c_loss": 0.009097322821617126, "losses/entropy": -8.455890655517578, "info/last_lr": 0.00011561020073713735, "info/lr_mul": 1.0, "info/e_clip": 0.20000000298023224, "info/kl": 0.02692735195159912, "info/epochs": 3293.0, "_runtime": 3558, "_step": 9877, "Episode/rew_pos": 0.025673337280750275, "Episode/rew_orient": 0.009626533836126328, "Episode/rew_effort": 5.494259312399663e-06, "Episode/rew_spin": 0.009682390838861465, "Episode/raw_dist": 0.008598283864557743, "Episode/raw_orient": 0.03819384425878525, "Episode/raw_effort": 3.1481480598449707, "Episode/raw_spin": 0.0073155066929757595, "losses/bounds_loss": 0.48331496119499207, "rewards/step": 26.866315841674805, "rewards/iter": 26.866315841674805, "rewards/time": 26.866315841674805, "episode_lengths/step": 26.820987701416016, "episode_lengths/iter": 26.820987701416016, "episode_lengths/time": 26.820987701416016}