{"global_step": 8388608, "_timestamp": 1719421467.5058446, "performance/step_inference_rl_update_fps": 54929.59375, "performance/step_inference_fps": 64318.53125, "performance/step_fps": 66847.0703125, "performance/rl_update_time": 0.17416167259216309, "performance/step_inference_time": 1.0189287662506104, "performance/step_time": 0.9803869724273682, "losses/a_loss": -0.0024194810539484024, "losses/c_loss": 0.05909918248653412, "losses/entropy": 2.824235677719116, "info/last_lr": 0.0005852766335010529, "info/lr_mul": 1.0, "info/e_clip": 0.20000000298023224, "info/kl": 0.02355492115020752, "info/epochs": 129.0, "_runtime": 191, "_step": 387, "Episode/rew_pos": 0.21327948570251465, "Episode/rew_orient": 0.08344963937997818, "Episode/rew_effort": 2.7914079510082956e-06, "Episode/rew_spin": 0.03982839360833168, "Episode/rew_head": 0.31890979409217834, "Episode/raw_dist": 0.06632138788700104, "Episode/raw_orient": 0.3055909276008606, "Episode/raw_effort": 45.11293411254883, "Episode/raw_spin": 0.7936590313911438, "Episode/raw_head": -0.004881243221461773, "losses/bounds_loss": 1.6895217895507812, "rewards/step": 510.8486328125, "rewards/iter": 510.8486328125, "rewards/time": 510.8486328125, "episode_lengths/step": 222.0696258544922, "episode_lengths/iter": 222.0696258544922, "episode_lengths/time": 222.0696258544922}