{"global_step": 655163392, "_timestamp": 1713362107.6237588, "performance/step_inference_rl_update_fps": 65610.3984375, "performance/step_inference_fps": 76456.6640625, "performance/step_fps": 80236.671875, "performance/rl_update_time": 0.14170050621032715, "performance/step_inference_time": 0.8571653366088867, "performance/step_time": 0.8167836666107178, "losses/a_loss": 0.008554190397262573, "losses/c_loss": 0.00021870891214348376, "losses/entropy": -8.633705139160156, "info/last_lr": 0.00017341530474368483, "info/lr_mul": 1.0, "info/e_clip": 0.20000000298023224, "info/kl": 0.014348785392940044, "info/epochs": 9998.0, "_runtime": 10778, "_step": 29992, "Episode/rew_pos": 0.06960101425647736, "Episode/rew_orient": 0.030974632129073143, "Episode/rew_effort": 1.2527543047772578e-32, "Episode/rew_spin": 0.014281461015343666, "Episode/raw_dist": 0.033328428864479065, "Episode/raw_orient": 0.11342524737119675, "Episode/raw_effort": 16.749862670898438, "Episode/raw_spin": 0.21722671389579773, "losses/bounds_loss": 0.27804771065711975, "rewards/step": 94.41788482666016, "rewards/iter": 94.41788482666016, "rewards/time": 94.41788482666016, "episode_lengths/step": 82.99998474121094, "episode_lengths/iter": 82.99998474121094, "episode_lengths/time": 82.99998474121094}