{"global_step": 110559232, "_timestamp": 1717067702.3200822, "performance/step_inference_rl_update_fps": 50527.50390625, "performance/step_inference_fps": 62993.58203125, "performance/step_fps": 65130.24609375, "performance/rl_update_time": 0.25667572021484375, "performance/step_inference_time": 1.0403599739074707, "performance/step_time": 1.0062298774719238, "losses/a_loss": 0.00034713547211140394, "losses/c_loss": 0.01039288379251957, "losses/entropy": -2.80776309967041, "info/last_lr": 0.00039018443203531206, "info/lr_mul": 1.0, "info/e_clip": 0.20000000298023224, "info/kl": 0.030624130740761757, "info/epochs": 1688.0, "_runtime": 2161, "_step": 5063, "Episode/rew_pos": 0.3345603346824646, "Episode/rew_orient": 0.14963464438915253, "Episode/rew_effort": 1.732310192892328e-05, "Episode/rew_spin": 0.0877990573644638, "Episode/rew_head": 0.5708974599838257, "Episode/raw_dist": 0.15497803688049316, "Episode/raw_orient": 0.54608553647995, "Episode/raw_effort": 76.15162658691406, "Episode/raw_spin": 0.9791042804718018, "Episode/raw_head": -0.00888756476342678, "losses/bounds_loss": 0.012576492503285408, "rewards/step": 1376.1649169921875, "rewards/iter": 1376.1649169921875, "rewards/time": 1376.1649169921875, "episode_lengths/step": 625.0982666015625, "episode_lengths/iter": 625.0982666015625, "episode_lengths/time": 634.5457153320312}