{"global_step": 50659328, "_timestamp": 1713290484.4222546, "performance/step_inference_rl_update_fps": 64754.9375, "performance/step_inference_fps": 78494.8515625, "performance/step_fps": 82324.9765625, "performance/rl_update_time": 0.1771533489227295, "performance/step_inference_time": 0.8349082469940186, "performance/step_time": 0.7960646152496338, "losses/a_loss": 0.0009364996803924441, "losses/c_loss": 0.011666810140013695, "losses/entropy": -1.4065269231796265, "info/last_lr": 0.00011561020073713735, "info/lr_mul": 1.0, "info/e_clip": 0.20000000298023224, "info/kl": 0.02074030227959156, "info/epochs": 774.0, "_runtime": 871, "_step": 2320, "Episode/rew_pos": 0.39378687739372253, "Episode/rew_orient": 0.021000254899263382, "Episode/rew_effort": 5.7057063934662366e-11, "Episode/rew_spin": 0.0001411425182595849, "Episode/raw_dist": 0.019723733887076378, "Episode/raw_orient": 0.049118392169475555, "Episode/raw_effort": 5.7482991218566895, "Episode/raw_spin": 4.003773212432861, "losses/bounds_loss": 5.507522106170654, "rewards/step": 369.6310119628906, "rewards/iter": 369.6310119628906, "rewards/time": 369.6310119628906, "episode_lengths/step": 45.34235763549805, "episode_lengths/iter": 45.34235763549805, "episode_lengths/time": 45.34235763549805}