{"global_step": 327548928, "_timestamp": 1716926432.075781, "performance/step_inference_rl_update_fps": 64143.78125, "performance/step_inference_fps": 76841.25, "performance/step_fps": 79669.8828125, "performance/rl_update_time": 0.16882920265197754, "performance/step_inference_time": 0.8528752326965332, "performance/step_time": 0.822594404220581, "losses/a_loss": 0.014114350080490112, "losses/c_loss": 0.026311015710234642, "losses/entropy": -7.069800853729248, "info/last_lr": 7.707346958341077e-05, "info/lr_mul": 1.0, "info/e_clip": 0.20000000298023224, "info/kl": 0.031126849353313446, "info/epochs": 4999.0, "_runtime": 5369, "_step": 14995, "Episode/rew_pos": 0.6719499826431274, "Episode/rew_orient": 0.2609400749206543, "Episode/rew_effort": 8.572407750762068e-06, "Episode/rew_spin": 0.1666833460330963, "Episode/rew_head": 0.9970508217811584, "Episode/raw_dist": 0.20268958806991577, "Episode/raw_orient": 0.9549541473388672, "Episode/raw_effort": 92.56675720214844, "Episode/raw_spin": 1.441001534461975, "Episode/raw_head": -0.015219362452626228, "losses/bounds_loss": 0.001143419649451971, "rewards/step": 1639.6329345703125, "rewards/iter": 1639.6329345703125, "rewards/time": 1638.6497802734375, "episode_lengths/step": 698.9998168945312, "episode_lengths/iter": 698.9998168945312, "episode_lengths/time": 698.9998168945312}