{"global_step": 327483392, "_timestamp": 1716992813.7219968, "performance/step_inference_rl_update_fps": 64448.55078125, "performance/step_inference_fps": 77070.2265625, "performance/step_fps": 80700.1171875, "performance/rl_update_time": 0.16653132438659668, "performance/step_inference_time": 0.8503413200378418, "performance/step_time": 0.8120930194854736, "losses/a_loss": 0.0035207413602620363, "losses/c_loss": 0.2603875696659088, "losses/entropy": -6.68048620223999, "info/last_lr": 1.522438833490014e-05, "info/lr_mul": 1.0, "info/e_clip": 0.20000000298023224, "info/kl": 0.031727224588394165, "info/epochs": 4998.0, "_runtime": 5410, "_step": 14994, "Episode/rew_pos": 0.4145715832710266, "Episode/rew_orient": 0.16435310244560242, "Episode/rew_effort": 2.61885944787682e-13, "Episode/rew_spin": 0.09727876633405685, "Episode/rew_head": 0.6277041435241699, "Episode/raw_dist": 0.13317377865314484, "Episode/raw_orient": 0.6009964346885681, "Episode/raw_effort": 69.15414428710938, "Episode/raw_spin": 1.4895912408828735, "Episode/raw_head": -0.009653668850660324, "losses/bounds_loss": 0.01665717363357544, "rewards/step": 912.4554443359375, "rewards/iter": 912.4554443359375, "rewards/time": 912.4554443359375, "episode_lengths/step": 394.2164001464844, "episode_lengths/iter": 394.2164001464844, "episode_lengths/time": 394.2164001464844}