{"global_step": 24444928, "_timestamp": 1715708509.7430725, "performance/step_inference_rl_update_fps": 61947.109375, "performance/step_inference_fps": 73842.6015625, "performance/step_fps": 77307.4453125, "performance/rl_update_time": 0.1704251766204834, "performance/step_inference_time": 0.8875093460083008, "performance/step_time": 0.8477320671081543, "losses/a_loss": 0.0022984337992966175, "losses/c_loss": 0.011057748459279537, "losses/entropy": -4.521487236022949, "info/last_lr": 5.1382310630287975e-05, "info/lr_mul": 1.0, "info/e_clip": 0.20000000298023224, "info/kl": 0.02509160339832306, "info/epochs": 374.0, "_runtime": 423, "_step": 1120, "Episode/rew_pos": 0.022336367517709732, "Episode/rew_orient": 0.007507865782827139, "Episode/rew_effort": 0.002775491215288639, "Episode/rew_spin": 0.007889117114245892, "Episode/raw_dist": 0.004758470691740513, "Episode/raw_orient": 0.02990492805838585, "Episode/raw_effort": 2.7948436737060547, "Episode/raw_spin": 0.00400790898129344, "losses/bounds_loss": 0.10632995516061783, "rewards/step": 33.414146423339844, "rewards/iter": 33.414146423339844, "rewards/time": 33.45744323730469, "episode_lengths/step": 20.994047164916992, "episode_lengths/iter": 20.994047164916992, "episode_lengths/time": 20.994047164916992}