{"global_step": 117964800, "_timestamp": 1713278471.3470147, "performance/step_inference_rl_update_fps": 63563.4921875, "performance/step_inference_fps": 77115.2890625, "performance/step_fps": 81461.890625, "performance/rl_update_time": 0.18118691444396973, "performance/step_inference_time": 0.8498444557189941, "performance/step_time": 0.8044989109039307, "losses/a_loss": 0.040441207587718964, "losses/c_loss": 0.0006679121870547533, "losses/entropy": -7.760578155517578, "info/last_lr": 0.00011561020073713735, "info/lr_mul": 1.0, "info/e_clip": 0.20000000298023224, "info/kl": 0.10072343051433563, "info/epochs": 1801.0, "_runtime": 1976, "_step": 5403, "Episode/rew_pos": 0.0035698413848876953, "Episode/rew_orient": 0.005717972759157419, "Episode/rew_effort": 0.001238423865288496, "Episode/rew_spin": 0.0020145715679973364, "Episode/raw_dist": 0.008729228749871254, "Episode/raw_orient": 0.0228424035012722, "Episode/raw_effort": 1.7323639392852783, "Episode/raw_spin": 0.0030221296474337578, "losses/bounds_loss": 0.6480714082717896, "rewards/step": 3.338754177093506, "rewards/iter": 3.338754177093506, "rewards/time": 3.338754177093506, "episode_lengths/step": 16.0, "episode_lengths/iter": 16.0, "episode_lengths/time": 16.0}