{"global_step": 16449536, "_timestamp": 1713289487.570255, "performance/step_inference_rl_update_fps": 61543.0078125, "performance/step_inference_fps": 74052.4140625, "performance/step_fps": 78702.5859375, "performance/rl_update_time": 0.1798861026763916, "performance/step_inference_time": 0.8849947452545166, "performance/step_time": 0.8327045440673828, "losses/a_loss": 0.0181089136749506, "losses/c_loss": 0.0002584749599918723, "losses/entropy": -7.036640167236328, "info/last_lr": 0.00017341530474368483, "info/lr_mul": 1.0, "info/e_clip": 0.20000000298023224, "info/kl": 0.028119444847106934, "info/epochs": 252.0, "_runtime": 299, "_step": 754, "Episode/rew_pos": -0.012182403355836868, "Episode/rew_orient": 0.006463526748120785, "Episode/rew_effort": 0.012852216139435768, "Episode/rew_spin": 0.0013283822918310761, "Episode/raw_dist": 0.005256124772131443, "Episode/raw_orient": 0.02557498589158058, "Episode/raw_effort": 9.878657147055492e-05, "Episode/raw_spin": 0.017724014818668365, "losses/bounds_loss": 0.03498387336730957, "rewards/step": -11.108598709106445, "rewards/iter": -11.108598709106445, "rewards/time": -11.108598709106445, "episode_lengths/step": 18.0, "episode_lengths/iter": 18.0, "episode_lengths/time": 18.0}