{"global_step": 933888, "_timestamp": 1720549500.7942083, "performance/step_inference_rl_update_fps": 26123.38671875, "performance/step_inference_fps": 27987.947265625, "performance/step_fps": 30271.484375, "performance/rl_update_time": 0.04178214073181152, "performance/step_inference_time": 0.5853948593139648, "performance/step_time": 0.5412354469299316, "losses/a_loss": 0.007054506801068783, "losses/c_loss": 0.15303099155426025, "losses/entropy": 3.7915382385253906, "info/last_lr": 0.006666666828095913, "info/lr_mul": 1.0, "info/e_clip": 0.20000000298023224, "info/kl": 0.017600851133465767, "info/epochs": 58.0, "_runtime": 48, "_step": 74, "Episode/rew_pos": 0.044600486755371094, "Episode/rew_orient": 0.019149528816342354, "Episode/rew_effort": 0.0017941114492714405, "Episode/rew_spin": 0.0016250471817329526, "Episode/rew_head": 0.06600695848464966, "Episode/raw_dist": 0.013580888509750366, "Episode/raw_orient": 0.056877974420785904, "Episode/raw_effort": 8.422638893127441, "Episode/raw_spin": 0.8228805661201477, "Episode/raw_head": -0.0019157396163791418, "losses/bounds_loss": 1.220283031463623, "rewards/step": 103.32498168945312, "rewards/iter": 103.32498168945312, "rewards/time": 103.32498168945312, "episode_lengths/step": 46.448158264160156, "episode_lengths/iter": 46.448158264160156, "episode_lengths/time": 46.448158264160156}