{"global_step": 327483392, "_timestamp": 1715714959.138333, "performance/step_inference_rl_update_fps": 63549.546875, "performance/step_inference_fps": 75775.859375, "performance/step_fps": 79533.578125, "performance/rl_update_time": 0.16639161109924316, "performance/step_inference_time": 0.8648664951324463, "performance/step_time": 0.8240041732788086, "losses/a_loss": 0.014108777046203613, "losses/c_loss": 0.09530805051326752, "losses/entropy": -6.3815202713012695, "info/last_lr": 0.00011561020073713735, "info/lr_mul": 1.0, "info/e_clip": 0.20000000298023224, "info/kl": 0.02278115227818489, "info/epochs": 4998.0, "_runtime": 5499, "_step": 14994, "Episode/rew_pos": 0.705380916595459, "Episode/rew_orient": 0.26442664861679077, "Episode/rew_effort": 1.5328297084781589e-24, "Episode/rew_spin": 0.12525422871112823, "Episode/raw_dist": 0.17751909792423248, "Episode/raw_orient": 0.9418003559112549, "Episode/raw_effort": 140.8434600830078, "Episode/raw_spin": 2.712606430053711, "losses/bounds_loss": 2.121854782104492, "rewards/step": 1744.47119140625, "rewards/iter": 1744.47119140625, "rewards/time": 1744.47119140625, "episode_lengths/step": 698.9623413085938, "episode_lengths/iter": 698.9623413085938, "episode_lengths/time": 698.9623413085938}