{"global_step": 327483392, "_timestamp": 1717080620.0701976, "performance/step_inference_rl_update_fps": 57843.23046875, "performance/step_inference_fps": 69157.171875, "performance/step_fps": 72174.84375, "performance/rl_update_time": 0.18535494804382324, "performance/step_inference_time": 0.9476385116577148, "performance/step_time": 0.9080171585083008, "losses/a_loss": 0.009631341323256493, "losses/c_loss": 0.2888164520263672, "losses/entropy": -6.678638458251953, "info/last_lr": 0.00011561020073713735, "info/lr_mul": 1.0, "info/e_clip": 0.20000000298023224, "info/kl": 0.03556852787733078, "info/epochs": 4998.0, "_runtime": 5667, "_step": 14994, "Episode/rew_pos": 0.6646873354911804, "Episode/rew_orient": 0.25263258814811707, "Episode/rew_effort": 4.209057635762292e-07, "Episode/rew_spin": 0.1394645869731903, "Episode/rew_head": 0.9588764309883118, "Episode/raw_dist": 0.18172720074653625, "Episode/raw_orient": 0.9121270179748535, "Episode/raw_effort": 102.79795837402344, "Episode/raw_spin": 1.1448438167572021, "Episode/raw_head": -0.01489790715277195, "losses/bounds_loss": 0.010364017449319363, "rewards/step": 1603.0196533203125, "rewards/iter": 1603.0196533203125, "rewards/time": 1603.0196533203125, "episode_lengths/step": 674.0433959960938, "episode_lengths/iter": 674.0433959960938, "episode_lengths/time": 674.0433959960938}