{"global_step": 655163392, "_timestamp": 1713288764.239524, "performance/step_inference_rl_update_fps": 62557.2734375, "performance/step_inference_fps": 75414.46875, "performance/step_fps": 79299.65625, "performance/rl_update_time": 0.1786048412322998, "performance/step_inference_time": 0.8690109252929688, "performance/step_time": 0.826434850692749, "losses/a_loss": 0.0055761998519301414, "losses/c_loss": 0.01675598695874214, "losses/entropy": -9.232982635498047, "info/last_lr": 0.0005852766335010529, "info/lr_mul": 1.0, "info/e_clip": 0.20000000298023224, "info/kl": 0.01893480494618416, "info/epochs": 9998.0, "_runtime": 10155, "_step": 29992, "Episode/rew_pos": 0.01715070568025112, "Episode/rew_orient": 0.00952024944126606, "Episode/rew_effort": 1.1814656772912713e-06, "Episode/rew_spin": 0.002867343369871378, "Episode/raw_dist": 0.008157203905284405, "Episode/raw_orient": 0.037690214812755585, "Episode/raw_effort": 3.3443830013275146, "Episode/raw_spin": 0.01120656169950962, "losses/bounds_loss": 0.6991472840309143, "rewards/step": 15.959001541137695, "rewards/iter": 15.959001541137695, "rewards/time": 15.959001541137695, "episode_lengths/step": 26.555553436279297, "episode_lengths/iter": 26.555553436279297, "episode_lengths/time": 26.555553436279297}