{"global_step": 4063232, "_timestamp": 1718572809.0562997, "performance/step_inference_rl_update_fps": 50760.59375, "performance/step_inference_fps": 59028.22265625, "performance/step_fps": 61096.78125, "performance/rl_update_time": 0.1808314323425293, "performance/step_inference_time": 1.1102485656738281, "performance/step_time": 1.0726587772369385, "losses/a_loss": 5.851557943969965e-06, "losses/c_loss": 0.2021840512752533, "losses/entropy": 3.4585065841674805, "info/last_lr": 0.001316872425377369, "info/lr_mul": 1.0, "info/e_clip": 0.20000000298023224, "info/kl": 0.019210057333111763, "info/epochs": 63.0, "_runtime": 122, "_step": 188, "Episode/rew_pos": 0.06786687672138214, "Episode/rew_orient": 0.02753416821360588, "Episode/rew_effort": 0.00020887602295260876, "Episode/rew_spin": 0.0014551554340869188, "Episode/rew_head": 0.10173393785953522, "Episode/raw_dist": 0.021294310688972473, "Episode/raw_orient": 0.09426496922969818, "Episode/raw_effort": 14.077686309814453, "Episode/raw_spin": 0.8035596609115601, "Episode/raw_head": -0.0015730170998722315, "losses/bounds_loss": 1.114457607269287, "rewards/step": 158.3825225830078, "rewards/iter": 158.3825225830078, "rewards/time": 158.3825225830078, "episode_lengths/step": 72.41361999511719, "episode_lengths/iter": 72.41361999511719, "episode_lengths/time": 70.5929946899414}