{"global_step": 81887232, "_timestamp": 1720513647.540661, "performance/step_inference_rl_update_fps": 26165.701171875, "performance/step_inference_fps": 28284.08984375, "performance/step_fps": 30367.41015625, "performance/rl_update_time": 0.046896934509277344, "performance/step_inference_time": 0.5792655944824219, "performance/step_time": 0.5395257472991943, "losses/a_loss": -0.0016479503829032183, "losses/c_loss": 0.06447434425354004, "losses/entropy": -2.9255166053771973, "info/last_lr": 0.0008779149502515793, "info/lr_mul": 1.0, "info/e_clip": 0.20000000298023224, "info/kl": 0.015514119528234005, "info/epochs": 4999.0, "_runtime": 3208, "_step": 5015, "Episode/rew_pos": 0.10902649164199829, "Episode/rew_orient": 0.043200839310884476, "Episode/rew_effort": 0.005632802844047546, "Episode/rew_spin": 0.008024663664400578, "Episode/rew_head": 0.15779733657836914, "Episode/raw_dist": 0.03098204731941223, "Episode/raw_orient": 0.1446111798286438, "Episode/raw_effort": 17.911842346191406, "Episode/raw_spin": 0.9279029369354248, "Episode/raw_head": -0.004893944598734379, "losses/bounds_loss": 0.4282810091972351, "rewards/step": 247.56719970703125, "rewards/iter": 247.56719970703125, "rewards/time": 247.56719970703125, "episode_lengths/step": 109.15898132324219, "episode_lengths/iter": 109.15898132324219, "episode_lengths/time": 109.15898132324219}