{"global_step": 8388608, "_timestamp": 1713295424.6703806, "performance/step_inference_rl_update_fps": 60384.56640625, "performance/step_inference_fps": 72978.6171875, "performance/step_fps": 76857.109375, "performance/rl_update_time": 0.18729352951049805, "performance/step_inference_time": 0.8980164527893066, "performance/step_time": 0.8526992797851562, "losses/a_loss": 0.0013944610254839063, "losses/c_loss": 0.01321905106306076, "losses/entropy": 2.540555000305176, "info/last_lr": 5.1382310630287975e-05, "info/lr_mul": 1.0, "info/e_clip": 0.20000000298023224, "info/kl": 0.05374819412827492, "info/epochs": 129.0, "_runtime": 174, "_step": 385, "Episode/rew_pos": 0.04911425709724426, "Episode/rew_orient": 0.02320297434926033, "Episode/rew_effort": 0.0005514392396435142, "Episode/rew_spin": 0.0034012445248663425, "Episode/raw_dist": 0.02559230476617813, "Episode/raw_orient": 0.05046583712100983, "Episode/raw_effort": 5.876358509063721, "Episode/raw_spin": 0.28527820110321045, "losses/bounds_loss": 1.935079574584961, "rewards/step": 45.773807525634766, "rewards/iter": 45.773807525634766, "rewards/time": 45.773807525634766, "episode_lengths/step": 49.14438247680664, "episode_lengths/iter": 49.14438247680664, "episode_lengths/time": 49.14438247680664}