{"global_step": 60555264, "_timestamp": 1713262778.1159515, "performance/step_inference_rl_update_fps": 53873.2578125, "performance/step_inference_fps": 62824.8984375, "performance/step_fps": 65371.2734375, "performance/rl_update_time": 0.17333126068115234, "performance/step_inference_time": 1.0431532859802246, "performance/step_time": 1.0025198459625244, "losses/a_loss": 0.03773517161607742, "losses/c_loss": 0.003063518088310957, "losses/entropy": -8.731416702270508, "info/last_lr": 0.0008779149502515793, "info/lr_mul": 1.0, "info/e_clip": 0.20000000298023224, "info/kl": 0.08932860940694809, "info/epochs": 925.0, "_runtime": 1007, "_step": 2771, "Episode/rew_pos": -0.005949840415269136, "Episode/rew_orient": 0.014475654810667038, "Episode/rew_effort": 0.028559010475873947, "Episode/rew_spin": 0.003639467991888523, "Episode/raw_dist": 0.031001197174191475, "Episode/raw_orient": 0.05639037489891052, "Episode/raw_effort": 0.00017309568647760898, "Episode/raw_spin": 0.02857152745127678, "losses/bounds_loss": 0.0, "rewards/step": -5.491978645324707, "rewards/iter": -5.491978645324707, "rewards/time": -5.491978645324707, "episode_lengths/step": 40.0, "episode_lengths/iter": 40.0, "episode_lengths/time": 40.0}