{"global_step": 134217728, "_timestamp": 1719392502.5669208, "performance/step_inference_rl_update_fps": 56229.61328125, "performance/step_inference_fps": 65805.3203125, "performance/step_fps": 68647.7421875, "performance/rl_update_time": 0.16959929466247559, "performance/step_inference_time": 0.9959073066711426, "performance/step_time": 0.9546709060668945, "losses/a_loss": 0.0022208131849765778, "losses/c_loss": 0.055982090532779694, "losses/entropy": -4.077941417694092, "info/last_lr": 0.00039018443203531206, "info/lr_mul": 1.0, "info/e_clip": 0.20000000298023224, "info/kl": 0.018362628296017647, "info/epochs": 2049.0, "_runtime": 2484, "_step": 6147, "Episode/rew_pos": 0.6248166561126709, "Episode/rew_orient": 0.24357567727565765, "Episode/rew_effort": 1.6612340504400767e-14, "Episode/rew_spin": 0.1386028528213501, "Episode/rew_head": 0.9317048788070679, "Episode/raw_dist": 0.18995758891105652, "Episode/raw_orient": 0.8936644196510315, "Episode/raw_effort": 128.7862548828125, "Episode/raw_spin": 1.6330316066741943, "Episode/raw_head": -0.014510158449411392, "losses/bounds_loss": 2.130802631378174, "rewards/step": 1557.5050048828125, "rewards/iter": 1557.5050048828125, "rewards/time": 1557.5050048828125, "episode_lengths/step": 668.76953125, "episode_lengths/iter": 668.76953125, "episode_lengths/time": 668.76953125}