{"global_step": 655097856, "_timestamp": 1713210645.4830513, "performance/step_inference_rl_update_fps": 68923.1796875, "performance/step_inference_fps": 83572.9609375, "performance/step_fps": 87943.2890625, "performance/rl_update_time": 0.16667795181274414, "performance/step_inference_time": 0.7841770648956299, "performance/step_time": 0.7452075481414795, "losses/a_loss": 0.014334605075418949, "losses/c_loss": 0.0012190217385068536, "losses/entropy": -9.20966911315918, "info/last_lr": 0.00011561020073713735, "info/lr_mul": 1.0, "info/e_clip": 0.20000000298023224, "info/kl": 0.023680279031395912, "info/epochs": 9997.0, "_runtime": 9481, "_step": 10401, "Episode/rew_pos": 0.005900024436414242, "Episode/rew_orient": 0.009288409724831581, "Episode/rew_effort": 0.004620649386197329, "Episode/rew_spin": 0.0031994087621569633, "Episode/raw_dist": 0.014044234529137611, "Episode/raw_orient": 0.03713091090321541, "Episode/raw_effort": 1.857547640800476, "Episode/raw_spin": 0.006123244762420654, "losses/bounds_loss": 0.26379430294036865, "rewards/step": 5.531290054321289, "rewards/iter": 5.531290054321289, "rewards/time": 5.531290054321289, "episode_lengths/step": 26.0, "episode_lengths/iter": 26.0, "episode_lengths/time": 26.0}