{"global_step": 851968, "_timestamp": 1717744672.0708091, "performance/step_inference_rl_update_fps": 24377.357421875, "performance/step_inference_fps": 26155.0, "performance/step_fps": 26585.294921875, "performance/rl_update_time": 0.18271851539611816, "performance/step_inference_time": 2.5056777000427246, "performance/step_time": 2.4651222229003906, "losses/a_loss": 0.007289026863873005, "losses/c_loss": 0.5353914499282837, "losses/entropy": 5.517404079437256, "info/last_lr": 0.00296296295709908, "info/lr_mul": 1.0, "info/e_clip": 0.20000000298023224, "info/kl": 0.025600489228963852, "info/epochs": 14.0, "_runtime": 76, "_step": 40, "Episode/rew_pos": 0.020358838140964508, "Episode/rew_orient": 0.007570663932710886, "Episode/rew_effort": 0.00600995309650898, "Episode/rew_spin": 0.001998965162783861, "Episode/rew_head": 0.027655702084302902, "Episode/raw_dist": 0.004542345181107521, "Episode/raw_orient": 0.0253339484333992, "Episode/raw_effort": 1.4661611318588257, "Episode/raw_spin": 0.386581689119339, "Episode/raw_head": -0.000292695447569713, "losses/bounds_loss": 0.0, "rewards/step": 44.29341125488281, "rewards/iter": 44.29341125488281, "rewards/time": 47.55282974243164, "episode_lengths/step": 19.869197845458984, "episode_lengths/iter": 19.869197845458984, "episode_lengths/time": 19.869197845458984}