{"global_step": 327680, "_timestamp": 1717597956.1334968, "performance/step_inference_rl_update_fps": 28392.28125, "performance/step_inference_fps": 30858.70703125, "performance/step_fps": 31379.447265625, "performance/rl_update_time": 0.18448829650878906, "performance/step_inference_time": 2.123744249343872, "performance/step_time": 2.088500738143921, "losses/a_loss": 0.002485301811248064, "losses/c_loss": 0.27328717708587646, "losses/entropy": 5.599510192871094, "info/last_lr": 0.004444444552063942, "info/lr_mul": 1.0, "info/e_clip": 0.20000000298023224, "info/kl": 0.015710530802607536, "info/epochs": 6.0, "_runtime": 52, "_step": 17, "Episode/rew_pos": 0.020168881863355637, "Episode/rew_orient": 0.007585620973259211, "Episode/rew_effort": 0.007634395733475685, "Episode/rew_spin": 0.001580885611474514, "Episode/rew_head": 0.027821877971291542, "Episode/raw_dist": 0.004819558933377266, "Episode/raw_orient": 0.025610893964767456, "Episode/raw_effort": 1.1322424411773682, "Episode/raw_spin": 0.3828762173652649, "Episode/raw_head": -0.000316308782203123, "losses/bounds_loss": 0.0, "rewards/step": 47.50566482543945, "rewards/iter": 47.50566482543945, "rewards/time": 47.50566482543945, "episode_lengths/step": 19.87030601501465, "episode_lengths/iter": 19.87030601501465, "episode_lengths/time": 16.1830997467041, "_wandb": {"runtime": 53}}