{"global_step": 116981760, "_timestamp": 1717149642.7530692, "performance/step_inference_rl_update_fps": 51436.67578125, "performance/step_inference_fps": 59358.77734375, "performance/step_fps": 61472.6796875, "performance/rl_update_time": 0.1700444221496582, "performance/step_inference_time": 1.1040658950805664, "performance/step_time": 1.0660996437072754, "losses/a_loss": 0.001141997636295855, "losses/c_loss": 0.007218845188617706, "losses/entropy": -3.253391742706299, "info/last_lr": 7.707346958341077e-05, "info/lr_mul": 1.0, "info/e_clip": 0.20000000298023224, "info/kl": 0.023678870871663094, "info/epochs": 1786.0, "_runtime": 2387, "_step": 5356, "Episode/rew_pos": 0.07929372787475586, "Episode/rew_orient": 0.03294525668025017, "Episode/rew_effort": 1.3310284164834e-32, "Episode/rew_spin": 0.010749949142336845, "Episode/rew_head": 0.12587890028953552, "Episode/raw_dist": 0.030087824910879135, "Episode/raw_orient": 0.12044315040111542, "Episode/raw_effort": 17.796663284301758, "Episode/raw_spin": 0.47238701581954956, "Episode/raw_head": -0.0010291311191394925, "losses/bounds_loss": 1.7617568969726562, "rewards/step": 192.809326171875, "rewards/iter": 192.809326171875, "rewards/time": 192.78160095214844, "episode_lengths/step": 88.2422866821289, "episode_lengths/iter": 88.2422866821289, "episode_lengths/time": 88.2422866821289}