{"global_step": 327548928, "_timestamp": 1717023637.4257798, "performance/step_inference_rl_update_fps": 63072.96484375, "performance/step_inference_fps": 74818.71875, "performance/step_fps": 78337.8359375, "performance/rl_update_time": 0.16311979293823242, "performance/step_inference_time": 0.8759305477142334, "performance/step_time": 0.8365817070007324, "losses/a_loss": 0.004501155577600002, "losses/c_loss": 0.22003453969955444, "losses/entropy": -6.49141788482666, "info/last_lr": 5.1382310630287975e-05, "info/lr_mul": 1.0, "info/e_clip": 0.20000000298023224, "info/kl": 0.01933521218597889, "info/epochs": 4999.0, "_runtime": 5357, "_step": 14997, "Episode/rew_pos": 0.19692561030387878, "Episode/rew_orient": 0.08034766465425491, "Episode/rew_effort": 1.1956029799750249e-19, "Episode/rew_spin": 0.04109363257884979, "Episode/rew_head": 0.3035968542098999, "Episode/raw_dist": 0.06752873212099075, "Episode/raw_orient": 0.2874487638473511, "Episode/raw_effort": 36.24182891845703, "Episode/raw_spin": 0.48392823338508606, "Episode/raw_head": -0.004638471640646458, "losses/bounds_loss": 0.0070453062653541565, "rewards/step": 471.1131591796875, "rewards/iter": 471.1131591796875, "rewards/time": 471.1131591796875, "episode_lengths/step": 207.0720672607422, "episode_lengths/iter": 207.0720672607422, "episode_lengths/time": 207.0720672607422}