{"global_step": 181075968, "_timestamp": 1713351156.1988652, "performance/step_inference_rl_update_fps": 61955.06640625, "performance/step_inference_fps": 74553.734375, "performance/step_fps": 78134.1953125, "performance/rl_update_time": 0.17875456809997559, "performance/step_inference_time": 0.8790438175201416, "performance/step_time": 0.8387620449066162, "losses/a_loss": 0.0014145314926281571, "losses/c_loss": 0.008508882485330105, "losses/entropy": -6.284266948699951, "info/last_lr": 3.425487375352532e-05, "info/lr_mul": 1.0, "info/e_clip": 0.20000000298023224, "info/kl": 0.025746915489435196, "info/epochs": 2764.0, "_runtime": 2950, "_step": 8290, "Episode/rew_pos": 0.049682386219501495, "Episode/rew_orient": 0.02358783408999443, "Episode/rew_effort": 5.931803291732113e-20, "Episode/rew_spin": 0.014684455469250679, "Episode/raw_dist": 0.02654086798429489, "Episode/raw_orient": 0.08085457980632782, "Episode/raw_effort": 7.206164360046387, "Episode/raw_spin": 0.17740090191364288, "losses/bounds_loss": 3.819772243499756, "rewards/step": 65.1778564453125, "rewards/iter": 65.1778564453125, "rewards/time": 65.1778564453125, "episode_lengths/step": 61.23974609375, "episode_lengths/iter": 61.23974609375, "episode_lengths/time": 61.23974609375}