{"global_step": 12255232, "_timestamp": 1717142098.7036798, "performance/step_inference_rl_update_fps": 48250.0703125, "performance/step_inference_fps": 54820.01171875, "performance/step_fps": 56571.94140625, "performance/rl_update_time": 0.1627810001373291, "performance/step_inference_time": 1.1954758167266846, "performance/step_time": 1.158454179763794, "losses/a_loss": -0.0011204046895727515, "losses/c_loss": 0.022862274199724197, "losses/entropy": 2.126325845718384, "info/last_lr": 0.001316872425377369, "info/lr_mul": 1.0, "info/e_clip": 0.20000000298023224, "info/kl": 0.01635085418820381, "info/epochs": 188.0, "_runtime": 295, "_step": 564, "Episode/rew_pos": 0.19041219353675842, "Episode/rew_orient": 0.06966923177242279, "Episode/rew_effort": 1.7216101041778215e-19, "Episode/rew_spin": 0.037459805607795715, "Episode/rew_head": 0.26785463094711304, "Episode/raw_dist": 0.04810243099927902, "Episode/raw_orient": 0.2582244873046875, "Episode/raw_effort": 37.87281799316406, "Episode/raw_spin": 0.4093654751777649, "Episode/raw_head": -0.004112700000405312, "losses/bounds_loss": 0.8811451196670532, "rewards/step": 458.579833984375, "rewards/iter": 458.579833984375, "rewards/time": 458.579833984375, "episode_lengths/step": 190.7246856689453, "episode_lengths/iter": 190.7246856689453, "episode_lengths/time": 190.7246856689453}