{"global_step": 851968, "_timestamp": 1717598240.0470917, "performance/step_inference_rl_update_fps": 27194.490234375, "performance/step_inference_fps": 29262.01953125, "performance/step_fps": 29764.5078125, "performance/rl_update_time": 0.1702728271484375, "performance/step_inference_time": 2.23962664604187, "performance/step_time": 2.201817035675049, "losses/a_loss": 0.006484303157776594, "losses/c_loss": 0.5722512006759644, "losses/entropy": 5.4852800369262695, "info/last_lr": 0.004444444552063942, "info/lr_mul": 1.0, "info/e_clip": 0.20000000298023224, "info/kl": 0.019205359742045403, "info/epochs": 14.0, "_runtime": 70, "_step": 40, "Episode/rew_pos": 0.021388867869973183, "Episode/rew_orient": 0.008115628734230995, "Episode/rew_effort": 0.007621690630912781, "Episode/rew_spin": 0.001520749763585627, "Episode/rew_head": 0.02925145998597145, "Episode/raw_dist": 0.004923936445266008, "Episode/raw_orient": 0.0264167208224535, "Episode/raw_effort": 1.248072862625122, "Episode/raw_spin": 0.5293238162994385, "Episode/raw_head": -0.000291787669993937, "losses/bounds_loss": 8.972070308921332e-10, "rewards/step": 48.60441207885742, "rewards/iter": 48.60441207885742, "rewards/time": 50.04202651977539, "episode_lengths/step": 21.280990600585938, "episode_lengths/iter": 21.280990600585938, "episode_lengths/time": 21.280990600585938}