{"global_step": 163807232, "_timestamp": 1713303096.8509192, "performance/step_inference_rl_update_fps": 27995.4140625, "performance/step_inference_fps": 30189.880859375, "performance/step_fps": 32556.9609375, "performance/rl_update_time": 0.04253959655761719, "performance/step_inference_time": 0.5426983833312988, "performance/step_time": 0.5032410621643066, "losses/a_loss": 0.013987133279442787, "losses/c_loss": 0.03999361768364906, "losses/entropy": -3.87870454788208, "info/last_lr": 0.0005852766335010529, "info/lr_mul": 1.0, "info/e_clip": 0.20000000298023224, "info/kl": 0.021426353603601456, "info/epochs": 9999.0, "_runtime": 5945, "_step": 10009, "Episode/rew_pos": 0.0675605982542038, "Episode/rew_orient": 0.02713773027062416, "Episode/rew_effort": 3.137914500481312e-21, "Episode/rew_spin": 0.00016220186080317944, "Episode/raw_dist": 0.031145591288805008, "Episode/raw_orient": 0.07968459278345108, "Episode/raw_effort": 8.23214054107666, "Episode/raw_spin": 5.8832292556762695, "losses/bounds_loss": 7.8442487716674805, "rewards/step": 55.02934265136719, "rewards/iter": 55.02934265136719, "rewards/time": 55.02934265136719, "episode_lengths/step": 65.87532806396484, "episode_lengths/iter": 65.87532806396484, "episode_lengths/time": 65.87532806396484}