{"global_step": 43909120, "_timestamp": 1719387786.2642171, "performance/step_inference_rl_update_fps": 58065.31640625, "performance/step_inference_fps": 69645.3984375, "performance/step_fps": 73740.34375, "performance/rl_update_time": 0.18766403198242188, "performance/step_inference_time": 0.940995454788208, "performance/step_time": 0.888740062713623, "losses/a_loss": -0.0009251185110770166, "losses/c_loss": 0.0581512451171875, "losses/entropy": -1.1043540239334106, "info/last_lr": 0.0002601229352876544, "info/lr_mul": 1.0, "info/e_clip": 0.20000000298023224, "info/kl": 0.0112361591309309, "info/epochs": 671.0, "_runtime": 794, "_step": 2011, "Episode/rew_pos": 0.338797926902771, "Episode/rew_orient": 0.1328463852405548, "Episode/rew_effort": 1.3272072252422384e-30, "Episode/rew_spin": 0.07000590860843658, "Episode/rew_head": 0.5076119899749756, "Episode/raw_dist": 0.10631590336561203, "Episode/raw_orient": 0.485504686832428, "Episode/raw_effort": 71.76643371582031, "Episode/raw_spin": 0.7923911809921265, "Episode/raw_head": -0.004357986617833376, "losses/bounds_loss": 0.4816252589225769, "rewards/step": 807.0340576171875, "rewards/iter": 807.0340576171875, "rewards/time": 681.1932373046875, "episode_lengths/step": 294.6800231933594, "episode_lengths/iter": 294.6800231933594, "episode_lengths/time": 294.6800231933594}