{"global_step": 2621440, "_timestamp": 1717017929.9336412, "performance/step_inference_rl_update_fps": 58045.11328125, "performance/step_inference_fps": 68232.9609375, "performance/step_fps": 71159.9609375, "performance/rl_update_time": 0.1685783863067627, "performance/step_inference_time": 0.9604742527008057, "performance/step_time": 0.9209673404693604, "losses/a_loss": -0.0031975647434592247, "losses/c_loss": 0.12812399864196777, "losses/entropy": 4.2896728515625, "info/last_lr": 0.0019753086380660534, "info/lr_mul": 1.0, "info/e_clip": 0.20000000298023224, "info/kl": 0.02255711331963539, "info/epochs": 41.0, "_runtime": 84, "_step": 123, "Episode/rew_pos": 0.04605937749147415, "Episode/rew_orient": 0.020025618374347687, "Episode/rew_effort": 2.1026066860940773e-06, "Episode/rew_spin": 0.001858481322415173, "Episode/rew_head": 0.06476981192827225, "Episode/raw_dist": 0.011504584923386574, "Episode/raw_orient": 0.05132293701171875, "Episode/raw_effort": 9.106267929077148, "Episode/raw_spin": 0.37304991483688354, "Episode/raw_head": -0.0006200471543706954, "losses/bounds_loss": 1.1560343503952026, "rewards/step": 106.362548828125, "rewards/iter": 106.362548828125, "rewards/time": 106.362548828125, "episode_lengths/step": 45.85993957519531, "episode_lengths/iter": 45.85993957519531, "episode_lengths/time": 45.85993957519531}