{"global_step": 327548928, "_timestamp": 1715770048.8891845, "performance/step_inference_rl_update_fps": 63821.3046875, "performance/step_inference_fps": 74941.109375, "performance/step_fps": 78163.75, "performance/rl_update_time": 0.15236687660217285, "performance/step_inference_time": 0.874500036239624, "performance/step_time": 0.8384449481964111, "losses/a_loss": 0.012339085340499878, "losses/c_loss": 0.018054174259305, "losses/entropy": -9.37310791015625, "info/last_lr": 0.00011561020073713735, "info/lr_mul": 1.0, "info/e_clip": 0.20000000298023224, "info/kl": 0.03089006245136261, "info/epochs": 4999.0, "_runtime": 5236, "_step": 14997, "Episode/rew_pos": 0.02158999815583229, "Episode/rew_orient": 0.007151929661631584, "Episode/rew_effort": 0.0006809117621742189, "Episode/rew_spin": 0.0077965147793293, "Episode/raw_dist": 0.004296449013054371, "Episode/raw_orient": 0.02853516675531864, "Episode/raw_effort": 2.610018014907837, "Episode/raw_spin": 0.0030329751316457987, "losses/bounds_loss": 0.029400216415524483, "rewards/step": 32.406150817871094, "rewards/iter": 32.406150817871094, "rewards/time": 32.406150817871094, "episode_lengths/step": 20.0, "episode_lengths/iter": 20.0, "episode_lengths/time": 20.0}