{"global_step": 2146304, "_timestamp": 1720549314.0745773, "performance/step_inference_rl_update_fps": 25632.01171875, "performance/step_inference_fps": 27511.021484375, "performance/step_fps": 29495.83203125, "performance/rl_update_time": 0.04365706443786621, "performance/step_inference_time": 0.5955431461334229, "performance/step_time": 0.5554683208465576, "losses/a_loss": 0.004000475630164146, "losses/c_loss": 0.13698454201221466, "losses/entropy": 2.5998291969299316, "info/last_lr": 0.001316872425377369, "info/lr_mul": 1.0, "info/e_clip": 0.20000000298023224, "info/kl": 0.020301468670368195, "info/epochs": 132.0, "_runtime": 98, "_step": 150, "Episode/rew_pos": 0.18060828745365143, "Episode/rew_orient": 0.06995156407356262, "Episode/rew_effort": 0.0005598831339739263, "Episode/rew_spin": 0.017546579241752625, "Episode/rew_head": 0.2638295292854309, "Episode/raw_dist": 0.0521073192358017, "Episode/raw_orient": 0.24987797439098358, "Episode/raw_effort": 36.91770935058594, "Episode/raw_spin": 0.9294115900993347, "Episode/raw_head": -0.006259110756218433, "losses/bounds_loss": 0.24314534664154053, "rewards/step": 437.79620361328125, "rewards/iter": 437.79620361328125, "rewards/time": 437.79620361328125, "episode_lengths/step": 193.04661560058594, "episode_lengths/iter": 193.04661560058594, "episode_lengths/time": 193.04661560058594}