{"global_step": 647168000, "_timestamp": 1713273777.0586736, "performance/step_inference_rl_update_fps": 62442.25, "performance/step_inference_fps": 75344.640625, "performance/step_fps": 79375.609375, "performance/rl_update_time": 0.17972898483276367, "performance/step_inference_time": 0.8698163032531738, "performance/step_time": 0.8256440162658691, "losses/a_loss": 0.010996650904417038, "losses/c_loss": 0.029071174561977386, "losses/entropy": -8.571183204650879, "info/last_lr": 0.00011561020073713735, "info/lr_mul": 1.0, "info/e_clip": 0.20000000298023224, "info/kl": 0.02430068701505661, "info/epochs": 9876.0, "_runtime": 10365, "_step": 29626, "Episode/rew_pos": 0.014985473826527596, "Episode/rew_orient": 0.03789985179901123, "Episode/rew_effort": 4.699635535949263e-21, "Episode/rew_spin": 0.008303270675241947, "Episode/raw_dist": 0.0879574865102768, "Episode/raw_orient": 0.12816986441612244, "Episode/raw_effort": 12.322551727294922, "Episode/raw_spin": 0.0778762698173523, "losses/bounds_loss": 0.15020650625228882, "rewards/step": 13.825973510742188, "rewards/iter": 13.825973510742188, "rewards/time": 13.825973510742188, "episode_lengths/step": 97.3905258178711, "episode_lengths/iter": 97.3905258178711, "episode_lengths/time": 97.3905258178711}