{"global_step": 15728640, "_timestamp": 1719389242.6781495, "performance/step_inference_rl_update_fps": 53536.95703125, "performance/step_inference_fps": 62649.80859375, "performance/step_fps": 65349.90625, "performance/rl_update_time": 0.17805695533752441, "performance/step_inference_time": 1.0460686683654785, "performance/step_time": 1.002847671508789, "losses/a_loss": -0.0008721274207346141, "losses/c_loss": 0.06634876877069473, "losses/entropy": 1.5535166263580322, "info/last_lr": 0.0005852766335010529, "info/lr_mul": 1.0, "info/e_clip": 0.20000000298023224, "info/kl": 0.015118014067411423, "info/epochs": 241.0, "_runtime": 312, "_step": 723, "Episode/rew_pos": 0.5144945383071899, "Episode/rew_orient": 0.20197197794914246, "Episode/rew_effort": 1.2636609998935002e-24, "Episode/rew_spin": 0.08971361815929413, "Episode/rew_head": 0.7690768837928772, "Episode/raw_dist": 0.15782839059829712, "Episode/raw_orient": 0.7328841686248779, "Episode/raw_effort": 108.71173858642578, "Episode/raw_spin": 1.7673978805541992, "Episode/raw_head": -0.00514324102550745, "losses/bounds_loss": 1.4236441850662231, "rewards/step": 1217.359130859375, "rewards/iter": 1217.359130859375, "rewards/time": 1217.359130859375, "episode_lengths/step": 530.2953491210938, "episode_lengths/iter": 530.2953491210938, "episode_lengths/time": 530.2953491210938}