{"global_step": 1048576, "_timestamp": 1713275960.8429372, "performance/step_inference_rl_update_fps": 54832.9609375, "performance/step_inference_fps": 64130.77734375, "performance/step_fps": 66700.2265625, "performance/rl_update_time": 0.17328143119812012, "performance/step_inference_time": 1.021911859512329, "performance/step_time": 0.9825453758239746, "losses/a_loss": 0.0006370818009600043, "losses/c_loss": 0.02378441020846367, "losses/entropy": 4.725587368011475, "info/last_lr": 0.001316872425377369, "info/lr_mul": 1.0, "info/e_clip": 0.20000000298023224, "info/kl": 0.021687638014554977, "info/epochs": 17.0, "_runtime": 59, "_step": 51, "Episode/rew_pos": 0.003345783334225416, "Episode/rew_orient": 0.005329253152012825, "Episode/rew_effort": 0.004174309782683849, "Episode/rew_spin": 0.0016622742405161262, "Episode/raw_dist": 0.008124440908432007, "Episode/raw_orient": 0.02129865437746048, "Episode/raw_effort": 0.8015093803405762, "Episode/raw_spin": 0.005826415494084358, "losses/bounds_loss": 0.005026184022426605, "rewards/step": 3.0877275466918945, "rewards/iter": 3.0877275466918945, "rewards/time": 3.0877275466918945, "episode_lengths/step": 14.922060012817383, "episode_lengths/iter": 14.922060012817383, "episode_lengths/time": 14.922060012817383}