{"global_step": 238682112, "_timestamp": 1713343500.9695404, "performance/step_inference_rl_update_fps": 59399.66796875, "performance/step_inference_fps": 70326.90625, "performance/step_fps": 74184.9375, "performance/rl_update_time": 0.17142868041992188, "performance/step_inference_time": 0.9318766593933105, "performance/step_time": 0.8834137916564941, "losses/a_loss": 0.01421419344842434, "losses/c_loss": 0.018799634650349617, "losses/entropy": -8.506856918334961, "info/last_lr": 0.00017341530474368483, "info/lr_mul": 1.0, "info/e_clip": 0.20000000298023224, "info/kl": 0.05489759147167206, "info/epochs": 3643.0, "_runtime": 4026, "_step": 10925, "Episode/rew_pos": 0.018641933798789978, "Episode/rew_orient": 0.009460501372814178, "Episode/rew_effort": 0.0007033890578895807, "Episode/rew_spin": 0.009527207352221012, "Episode/raw_dist": 0.008244073018431664, "Episode/raw_orient": 0.0376301035284996, "Episode/raw_effort": 3.1807241439819336, "Episode/raw_spin": 0.007078241091221571, "losses/bounds_loss": 0.2212238907814026, "rewards/step": 19.54088592529297, "rewards/iter": 19.54088592529297, "rewards/time": 19.541492462158203, "episode_lengths/step": 26.399999618530273, "episode_lengths/iter": 26.399999618530273, "episode_lengths/time": 26.399999618530273}