{"global_step": 524288, "_timestamp": 1719211421.178, "performance/step_inference_rl_update_fps": 50802.29296875, "performance/step_inference_fps": 58663.88671875, "performance/step_fps": 60788.62890625, "performance/rl_update_time": 0.17287635803222656, "performance/step_inference_time": 1.1171438694000244, "performance/step_time": 1.0780963897705078, "losses/a_loss": 0.004414062015712261, "losses/c_loss": 0.38591986894607544, "losses/entropy": 5.6191816329956055, "info/last_lr": 0.004444444552063942, "info/lr_mul": 1.0, "info/e_clip": 0.20000000298023224, "info/kl": 0.027285147458314896, "info/epochs": 9.0, "_runtime": 53, "_step": 27, "Episode/rew_pos": 0.020519575104117393, "Episode/rew_orient": 0.006920849438756704, "Episode/rew_effort": 0.004896978382021189, "Episode/rew_spin": 0.002507914789021015, "Episode/rew_head": 0.026969097554683685, "Episode/raw_dist": 0.0040083881467580795, "Episode/raw_orient": 0.02634532004594803, "Episode/raw_effort": 1.8327785730361938, "Episode/raw_spin": 0.08025024831295013, "Episode/raw_head": -0.0002885604917537421, "losses/bounds_loss": 2.6456895284354687e-05, "rewards/step": 46.09962463378906, "rewards/iter": 46.09962463378906, "rewards/time": 46.09962463378906, "episode_lengths/step": 18.84475326538086, "episode_lengths/iter": 18.84475326538086, "episode_lengths/time": 18.84475326538086}