{"global_step": 6553600, "_timestamp": 1719392817.2098005, "performance/step_inference_rl_update_fps": 54481.96484375, "performance/step_inference_fps": 64250.5625, "performance/step_fps": 66852.828125, "performance/rl_update_time": 0.18288660049438477, "performance/step_inference_time": 1.0200066566467285, "performance/step_time": 0.9803025722503662, "losses/a_loss": 0.0010705861495807767, "losses/c_loss": 0.03810238838195801, "losses/entropy": 3.0700020790100098, "info/last_lr": 0.001316872425377369, "info/lr_mul": 1.0, "info/e_clip": 0.20000000298023224, "info/kl": 0.027828846126794815, "info/epochs": 101.0, "_runtime": 164, "_step": 303, "Episode/rew_pos": 0.1923995018005371, "Episode/rew_orient": 0.0714501217007637, "Episode/rew_effort": 1.283017824447192e-18, "Episode/rew_spin": 0.032541289925575256, "Episode/rew_head": 0.2710138261318207, "Episode/raw_dist": 0.04883185029029846, "Episode/raw_orient": 0.25727295875549316, "Episode/raw_effort": 38.289031982421875, "Episode/raw_spin": 0.49388226866722107, "Episode/raw_head": -0.0021582338958978653, "losses/bounds_loss": 0.9158238172531128, "rewards/step": 447.3822021484375, "rewards/iter": 447.3822021484375, "rewards/time": 447.3822021484375, "episode_lengths/step": 188.5727081298828, "episode_lengths/iter": 188.5727081298828, "episode_lengths/time": 188.5727081298828}