{"global_step": 4816896, "_timestamp": 1713296887.9400852, "performance/step_inference_rl_update_fps": 27530.142578125, "performance/step_inference_fps": 29800.41015625, "performance/step_fps": 32259.03125, "performance/rl_update_time": 0.04533815383911133, "performance/step_inference_time": 0.5497910976409912, "performance/step_time": 0.5078887939453125, "losses/a_loss": 0.0016932188300415874, "losses/c_loss": 0.09726081788539886, "losses/entropy": 1.6839141845703125, "info/last_lr": 0.0019753086380660534, "info/lr_mul": 1.0, "info/e_clip": 0.20000000298023224, "info/kl": 0.028361031785607338, "info/epochs": 295.0, "_runtime": 202, "_step": 311, "Episode/rew_pos": 0.05074497312307358, "Episode/rew_orient": 0.020779181271791458, "Episode/rew_effort": 0.0009921276941895485, "Episode/rew_spin": 0.000240170702454634, "Episode/raw_dist": 0.016504138708114624, "Episode/raw_orient": 0.04897591471672058, "Episode/raw_effort": 5.420157432556152, "Episode/raw_spin": 4.339827060699463, "losses/bounds_loss": 7.023739814758301, "rewards/step": 42.51026153564453, "rewards/iter": 42.51026153564453, "rewards/time": 42.51026153564453, "episode_lengths/step": 45.366092681884766, "episode_lengths/iter": 45.366092681884766, "episode_lengths/time": 45.366092681884766}