{"global_step": 2342912, "_timestamp": 1720549662.4879255, "performance/step_inference_rl_update_fps": 23461.849609375, "performance/step_inference_fps": 25223.38671875, "performance/step_fps": 26952.080078125, "performance/rl_update_time": 0.04876899719238281, "performance/step_inference_time": 0.6495559215545654, "performance/step_time": 0.607893705368042, "losses/a_loss": 0.003128127660602331, "losses/c_loss": 0.08106212317943573, "losses/entropy": 2.819715976715088, "info/last_lr": 0.001316872425377369, "info/lr_mul": 1.0, "info/e_clip": 0.20000000298023224, "info/kl": 0.019231995567679405, "info/epochs": 144.0, "_runtime": 110, "_step": 162, "Episode/rew_pos": 0.14620637893676758, "Episode/rew_orient": 0.05631082504987717, "Episode/rew_effort": 0.00026904724654741585, "Episode/rew_spin": 0.016812574118375778, "Episode/rew_head": 0.2141573429107666, "Episode/raw_dist": 0.0427432581782341, "Episode/raw_orient": 0.2046424299478531, "Episode/raw_effort": 30.115270614624023, "Episode/raw_spin": 0.8077505230903625, "Episode/raw_head": -0.005094260908663273, "losses/bounds_loss": 0.6207643747329712, "rewards/step": 308.94317626953125, "rewards/iter": 308.94317626953125, "rewards/time": 308.94317626953125, "episode_lengths/step": 137.70994567871094, "episode_lengths/iter": 137.70994567871094, "episode_lengths/time": 137.70994567871094}