{"global_step": 15400960, "_timestamp": 1713261627.3404615, "performance/step_inference_rl_update_fps": 65694.4609375, "performance/step_inference_fps": 79705.046875, "performance/step_fps": 83643.9375, "performance/rl_update_time": 0.1753559112548828, "performance/step_inference_time": 0.8222315311431885, "performance/step_time": 0.7835116386413574, "losses/a_loss": 0.002571773948147893, "losses/c_loss": 0.037440769374370575, "losses/entropy": -0.3285861909389496, "info/last_lr": 0.0005852766335010529, "info/lr_mul": 1.0, "info/e_clip": 0.20000000298023224, "info/kl": 0.024050187319517136, "info/epochs": 236.0, "_runtime": 275, "_step": 704, "Episode/rew_pos": 0.006977895274758339, "Episode/rew_orient": 0.018918506801128387, "Episode/rew_effort": 6.615654797315074e-07, "Episode/rew_spin": 0.005920317489653826, "Episode/raw_dist": 0.04304865747690201, "Episode/raw_orient": 0.07502180337905884, "Episode/raw_effort": 6.505465507507324, "Episode/raw_spin": 0.019764816388487816, "losses/bounds_loss": 0.35605207085609436, "rewards/step": 6.546914577484131, "rewards/iter": 6.546914577484131, "rewards/time": 6.546914577484131, "episode_lengths/step": 52.88815689086914, "episode_lengths/iter": 52.88815689086914, "episode_lengths/time": 52.88815689086914}