{"global_step": 13172736, "_timestamp": 1717151396.0540872, "performance/step_inference_rl_update_fps": 48337.37109375, "performance/step_inference_fps": 54768.15234375, "performance/step_fps": 56543.34765625, "performance/rl_update_time": 0.1591956615447998, "performance/step_inference_time": 1.1966078281402588, "performance/step_time": 1.1590399742126465, "losses/a_loss": 0.004160622134804726, "losses/c_loss": 0.05708722397685051, "losses/entropy": 2.118680953979492, "info/last_lr": 0.00017341530474368483, "info/lr_mul": 1.0, "info/e_clip": 0.20000000298023224, "info/kl": 0.036722369492053986, "info/epochs": 202.0, "_runtime": 316, "_step": 606, "Episode/rew_pos": 0.6787989735603333, "Episode/rew_orient": 0.2458992451429367, "Episode/rew_effort": 6.377551017067162e-06, "Episode/rew_spin": 0.12415874004364014, "Episode/rew_head": 0.9444581270217896, "Episode/raw_dist": 0.16088388860225677, "Episode/raw_orient": 0.9081250429153442, "Episode/raw_effort": 133.5247344970703, "Episode/raw_spin": 1.2943716049194336, "Episode/raw_head": -0.007745102979242802, "losses/bounds_loss": 2.223310708999634, "rewards/step": 1545.4873046875, "rewards/iter": 1545.4873046875, "rewards/time": 1545.4873046875, "episode_lengths/step": 644.8016967773438, "episode_lengths/iter": 644.8016967773438, "episode_lengths/time": 644.8016967773438}