{"global_step": 327548928, "_timestamp": 1717073783.6238272, "performance/step_inference_rl_update_fps": 58672.75, "performance/step_inference_fps": 69758.9921875, "performance/step_fps": 72616.4765625, "performance/rl_update_time": 0.17751169204711914, "performance/step_inference_time": 0.9394631385803223, "performance/step_time": 0.9024949073791504, "losses/a_loss": 0.0046729291789233685, "losses/c_loss": 0.24240273237228394, "losses/entropy": -6.683875560760498, "info/last_lr": 0.0002601229352876544, "info/lr_mul": 1.0, "info/e_clip": 0.20000000298023224, "info/kl": 0.01810467429459095, "info/epochs": 4999.0, "_runtime": 5881, "_step": 14996, "Episode/rew_pos": 0.33136850595474243, "Episode/rew_orient": 0.1317577213048935, "Episode/rew_effort": 1.481819495666864e-13, "Episode/rew_spin": 0.0766439288854599, "Episode/rew_head": 0.5024773478507996, "Episode/raw_dist": 0.10708321630954742, "Episode/raw_orient": 0.48040273785591125, "Episode/raw_effort": 55.661441802978516, "Episode/raw_spin": 1.4185341596603394, "Episode/raw_head": -0.007700250018388033, "losses/bounds_loss": 0.019061418250203133, "rewards/step": 764.100830078125, "rewards/iter": 764.100830078125, "rewards/time": 764.100830078125, "episode_lengths/step": 329.79681396484375, "episode_lengths/iter": 329.79681396484375, "episode_lengths/time": 394.2164001464844}