{"global_step": 106364928, "_timestamp": 1713201034.5955079, "performance/step_inference_rl_update_fps": 67054.3671875, "performance/step_inference_fps": 81563.4609375, "performance/step_fps": 85251.9140625, "performance/rl_update_time": 0.1738588809967041, "performance/step_inference_time": 0.8034970760345459, "performance/step_time": 0.7687335014343262, "losses/a_loss": 0.005959979258477688, "losses/c_loss": 0.020532747730612755, "losses/entropy": -7.94220495223999, "info/last_lr": 0.0002601229352876544, "info/lr_mul": 1.0, "info/e_clip": 0.20000000298023224, "info/kl": 0.02720213681459427, "info/epochs": 1624.0, "_runtime": 1609, "_step": 2056, "Episode/rew_pos": 0.005989870056509972, "Episode/rew_orient": 0.01873629540205002, "Episode/rew_effort": 3.339824252179824e-05, "Episode/rew_spin": 0.003173509147018194, "Episode/raw_dist": 0.014101165346801281, "Episode/raw_orient": 0.037430278956890106, "Episode/raw_effort": 3.287229061126709, "Episode/raw_spin": 0.006518916226923466, "losses/bounds_loss": 0.7270972728729248, "rewards/step": 6.655080795288086, "rewards/iter": 6.655080795288086, "rewards/time": 6.655080795288086, "episode_lengths/step": 26.30084228515625, "episode_lengths/iter": 26.30084228515625, "episode_lengths/time": 26.30084228515625}