{"global_step": 983040, "_timestamp": 1719422167.8416014, "performance/step_inference_rl_update_fps": 58026.73046875, "performance/step_inference_fps": 67722.1640625, "performance/step_fps": 70882.4921875, "performance/rl_update_time": 0.16169142723083496, "performance/step_inference_time": 0.9677186012268066, "performance/step_time": 0.9245724678039551, "losses/a_loss": 0.0033895012456923723, "losses/c_loss": 0.523571789264679, "losses/entropy": 5.3880133628845215, "info/last_lr": 0.0019753086380660534, "info/lr_mul": 1.0, "info/e_clip": 0.20000000298023224, "info/kl": 0.020167751237750053, "info/epochs": 16.0, "_runtime": 57, "_step": 48, "Episode/rew_pos": 0.023408934473991394, "Episode/rew_orient": 0.008943154476583004, "Episode/rew_effort": 0.0029930199962109327, "Episode/rew_spin": 0.001133098267018795, "Episode/rew_head": 0.03132300078868866, "Episode/raw_dist": 0.004913036711513996, "Episode/raw_orient": 0.027392704039812088, "Episode/raw_effort": 2.8591527938842773, "Episode/raw_spin": 0.3244771659374237, "Episode/raw_head": -5.3440067858900875e-05, "losses/bounds_loss": 0.004578367806971073, "rewards/step": 54.86208724975586, "rewards/iter": 54.86208724975586, "rewards/time": 54.86208724975586, "episode_lengths/step": 23.110076904296875, "episode_lengths/iter": 23.110076904296875, "episode_lengths/time": 23.110076904296875}