{"global_step": 540672, "_timestamp": 1720549393.467477, "performance/step_inference_rl_update_fps": 25899.341796875, "performance/step_inference_fps": 27851.283203125, "performance/step_fps": 29839.630859375, "performance/rl_update_time": 0.044335126876831055, "performance/step_inference_time": 0.5882673263549805, "performance/step_time": 0.5490684509277344, "losses/a_loss": 0.003703735303133726, "losses/c_loss": 0.41769975423812866, "losses/entropy": 4.556245803833008, "info/last_lr": 0.006666666828095913, "info/lr_mul": 1.0, "info/e_clip": 0.20000000298023224, "info/kl": 0.017855174839496613, "info/epochs": 34.0, "_runtime": 34, "_step": 52, "Episode/rew_pos": 0.03549681603908539, "Episode/rew_orient": 0.015833647921681404, "Episode/rew_effort": 0.001689657336100936, "Episode/rew_spin": 0.0012243791716173291, "Episode/rew_head": 0.05110267177224159, "Episode/raw_dist": 0.009903430007398129, "Episode/raw_orient": 0.04057818651199341, "Episode/raw_effort": 6.092572212219238, "Episode/raw_spin": 0.5242397785186768, "Episode/raw_head": -0.0007952312589623034, "losses/bounds_loss": 0.45183664560317993, "rewards/step": 82.3780517578125, "rewards/iter": 82.3780517578125, "rewards/time": 82.3780517578125, "episode_lengths/step": 36.17980194091797, "episode_lengths/iter": 36.17980194091797, "episode_lengths/time": 36.17980194091797}