{"global_step": 4489216, "_timestamp": 1720551598.8624218, "performance/step_inference_rl_update_fps": 24375.142578125, "performance/step_inference_fps": 26285.865234375, "performance/step_fps": 28209.36328125, "performance/rl_update_time": 0.0488591194152832, "performance/step_inference_time": 0.6233007907867432, "performance/step_time": 0.5808000564575195, "losses/a_loss": -0.0007460685446858406, "losses/c_loss": 0.04220540076494217, "losses/entropy": 2.3325743675231934, "info/last_lr": 0.0008779149502515793, "info/lr_mul": 1.0, "info/e_clip": 0.20000000298023224, "info/kl": 0.021658480167388916, "info/epochs": 275.0, "_runtime": 192, "_step": 291, "Episode/rew_pos": 0.21478621661663055, "Episode/rew_orient": 0.07955615222454071, "Episode/rew_effort": 1.2221507006415777e-07, "Episode/rew_spin": 0.037853728979825974, "Episode/rew_head": 0.30148380994796753, "Episode/raw_dist": 0.05361286923289299, "Episode/raw_orient": 0.287126362323761, "Episode/raw_effort": 42.67955017089844, "Episode/raw_spin": 0.5563068389892578, "Episode/raw_head": -0.008769568055868149, "losses/bounds_loss": 2.9811863899230957, "rewards/step": 541.5250854492188, "rewards/iter": 541.5250854492188, "rewards/time": 541.5250854492188, "episode_lengths/step": 226.03990173339844, "episode_lengths/iter": 226.03990173339844, "episode_lengths/time": 226.03990173339844}