{"global_step": 4456448, "_timestamp": 1719421723.967429, "performance/step_inference_rl_update_fps": 55306.390625, "performance/step_inference_fps": 64507.82421875, "performance/step_fps": 67086.296875, "performance/rl_update_time": 0.1690235137939453, "performance/step_inference_time": 1.0159387588500977, "performance/step_time": 0.976891040802002, "losses/a_loss": 0.003370113205164671, "losses/c_loss": 0.11401563882827759, "losses/entropy": 3.480496644973755, "info/last_lr": 0.0005852766335010529, "info/lr_mul": 1.0, "info/e_clip": 0.20000000298023224, "info/kl": 0.05069517344236374, "info/epochs": 69.0, "_runtime": 117, "_step": 207, "Episode/rew_pos": 0.07958224415779114, "Episode/rew_orient": 0.03221476450562477, "Episode/rew_effort": 5.6734828831395134e-05, "Episode/rew_spin": 0.0015104357153177261, "Episode/rew_head": 0.11962201446294785, "Episode/raw_dist": 0.025088420137763023, "Episode/raw_orient": 0.11117725074291229, "Episode/raw_effort": 16.73394775390625, "Episode/raw_spin": 6.464166164398193, "Episode/raw_head": -0.0011997846886515617, "losses/bounds_loss": 0.9071619510650635, "rewards/step": 182.35601806640625, "rewards/iter": 182.35601806640625, "rewards/time": 182.35601806640625, "episode_lengths/step": 83.71675872802734, "episode_lengths/iter": 83.71675872802734, "episode_lengths/time": 83.71675872802734}