{"global_step": 44843008, "_timestamp": 1719567057.9462368, "performance/step_inference_rl_update_fps": 21458.5546875, "performance/step_inference_fps": 22680.900390625, "performance/step_fps": 24100.62109375, "performance/rl_update_time": 0.04114818572998047, "performance/step_inference_time": 0.722369909286499, "performance/step_time": 0.679816484451294, "losses/a_loss": 0.01072886772453785, "losses/c_loss": 0.15430152416229248, "losses/entropy": -1.1999995708465576, "info/last_lr": 0.001316872425377369, "info/lr_mul": 1.0, "info/e_clip": 0.20000000298023224, "info/kl": 0.020055511966347694, "info/epochs": 2738.0, "_runtime": 2263, "_step": 2754, "Episode/rew_pos": 0.26702019572257996, "Episode/rew_orient": 0.11039373278617859, "Episode/rew_effort": 1.904519510848024e-12, "Episode/rew_spin": 0.06327062100172043, "Episode/rew_head": 0.4159907102584839, "Episode/raw_dist": 0.09512985497713089, "Episode/raw_orient": 0.39318758249282837, "Episode/raw_effort": 58.580509185791016, "Episode/raw_spin": 0.907110333442688, "Episode/raw_head": -0.008818837814033031, "losses/bounds_loss": 1.5504961013793945, "rewards/step": 627.078857421875, "rewards/iter": 627.078857421875, "rewards/time": 627.078857421875, "episode_lengths/step": 274.3753662109375, "episode_lengths/iter": 274.3753662109375, "episode_lengths/time": 274.3753662109375}