{"global_step": 6488064, "_timestamp": 1713263297.2546186, "performance/step_inference_rl_update_fps": 61684.08203125, "performance/step_inference_fps": 74384.328125, "performance/step_fps": 78097.7265625, "performance/rl_update_time": 0.18139982223510742, "performance/step_inference_time": 0.8810458183288574, "performance/step_time": 0.8391537666320801, "losses/a_loss": -0.0015340077225118876, "losses/c_loss": 0.04379846155643463, "losses/entropy": 2.6535158157348633, "info/last_lr": 0.006666666828095913, "info/lr_mul": 1.0, "info/e_clip": 0.20000000298023224, "info/kl": 0.01914151757955551, "info/epochs": 100.0, "_runtime": 139, "_step": 296, "Episode/rew_pos": 0.006963673979043961, "Episode/rew_orient": 0.018592167645692825, "Episode/rew_effort": 0.0014360896311700344, "Episode/rew_spin": 0.005988122895359993, "Episode/raw_dist": 0.04203850030899048, "Episode/raw_orient": 0.07395482063293457, "Episode/raw_effort": 5.513785362243652, "Episode/raw_spin": 0.01731361635029316, "losses/bounds_loss": 0.7846553325653076, "rewards/step": 6.4885406494140625, "rewards/iter": 6.4885406494140625, "rewards/time": 6.4885406494140625, "episode_lengths/step": 51.94154739379883, "episode_lengths/iter": 51.94154739379883, "episode_lengths/time": 51.94154739379883}