{"global_step": 655360, "_timestamp": 1717601530.1395075, "performance/step_inference_rl_update_fps": 28643.701171875, "performance/step_inference_fps": 30977.697265625, "performance/step_fps": 31496.220703125, "performance/rl_update_time": 0.17238593101501465, "performance/step_inference_time": 2.115586519241333, "performance/step_time": 2.0807576179504395, "losses/a_loss": 0.012239906936883926, "losses/c_loss": 0.6660598516464233, "losses/entropy": 5.523135185241699, "info/last_lr": 0.0008779149502515793, "info/lr_mul": 1.0, "info/e_clip": 0.20000000298023224, "info/kl": 0.03243973106145859, "info/epochs": 11.0, "_runtime": 62, "_step": 33, "Episode/rew_pos": 0.022866465151309967, "Episode/rew_orient": 0.009045540355145931, "Episode/rew_effort": 0.007093934342265129, "Episode/rew_spin": 0.0017031000461429358, "Episode/rew_head": 0.03007686510682106, "Episode/raw_dist": 0.004432355053722858, "Episode/raw_orient": 0.024716142565011978, "Episode/raw_effort": 1.4690110683441162, "Episode/raw_spin": 0.6648973226547241, "Episode/raw_head": -0.0003251147863920778, "losses/bounds_loss": 0.0, "rewards/step": 51.11747360229492, "rewards/iter": 51.11747360229492, "rewards/time": 51.11747360229492, "episode_lengths/step": 20.92116355895996, "episode_lengths/iter": 20.92116355895996, "episode_lengths/time": 20.92116355895996}