{"global_step": 4456448, "_timestamp": 1715708733.1256871, "performance/step_inference_rl_update_fps": 63104.09375, "performance/step_inference_fps": 76454.984375, "performance/step_fps": 80003.3515625, "performance/rl_update_time": 0.18135356903076172, "performance/step_inference_time": 0.8571841716766357, "performance/step_time": 0.8191657066345215, "losses/a_loss": -0.0013245267327874899, "losses/c_loss": 0.004787258803844452, "losses/entropy": 2.495964527130127, "info/last_lr": 0.0019753086380660534, "info/lr_mul": 1.0, "info/e_clip": 0.20000000298023224, "info/kl": 0.016162242740392685, "info/epochs": 69.0, "_runtime": 110, "_step": 207, "Episode/rew_pos": 0.02228853851556778, "Episode/rew_orient": 0.007516670040786266, "Episode/rew_effort": 0.0010846005752682686, "Episode/rew_spin": 0.007243184372782707, "Episode/raw_dist": 0.004787049256265163, "Episode/raw_orient": 0.029891319572925568, "Episode/raw_effort": 3.5472536087036133, "Episode/raw_spin": 0.007158872205764055, "losses/bounds_loss": 0.4933456778526306, "rewards/step": 32.96610641479492, "rewards/iter": 32.96610641479492, "rewards/time": 32.96610641479492, "episode_lengths/step": 20.9905948638916, "episode_lengths/iter": 20.9905948638916, "episode_lengths/time": 20.9905948638916}