{"global_step": 3145728, "_timestamp": 1715705484.218751, "performance/step_inference_rl_update_fps": 68782.4296875, "performance/step_inference_fps": 81823.0703125, "performance/step_fps": 85774.8125, "performance/rl_update_time": 0.1518535614013672, "performance/step_inference_time": 0.8009476661682129, "performance/step_time": 0.7640471458435059, "losses/a_loss": 0.0040490878745913506, "losses/c_loss": 0.03112030401825905, "losses/entropy": 3.8294224739074707, "info/last_lr": 0.0005852766335010529, "info/lr_mul": 1.0, "info/e_clip": 0.20000000298023224, "info/kl": 0.030787913128733635, "info/epochs": 49.0, "_runtime": 88, "_step": 145, "Episode/rew_pos": 0.04958149045705795, "Episode/rew_orient": 0.04622360318899155, "Episode/rew_effort": 0.0005665175849571824, "Episode/rew_spin": 0.016688315197825432, "Episode/raw_dist": 0.134252667427063, "Episode/raw_orient": 0.1685725599527359, "Episode/raw_effort": 23.761051177978516, "Episode/raw_spin": 0.3589661717414856, "losses/bounds_loss": 0.3748812675476074, "rewards/step": 55487220.0, "rewards/iter": 55487220.0, "rewards/time": 55487220.0, "episode_lengths/step": 122.78141021728516, "episode_lengths/iter": 122.78141021728516, "episode_lengths/time": 122.78141021728516}