{"global_step": 65404928, "_timestamp": 1713364203.340635, "performance/step_inference_rl_update_fps": 68699.796875, "performance/step_inference_fps": 83556.78125, "performance/step_fps": 87766.8359375, "performance/rl_update_time": 0.1696181297302246, "performance/step_inference_time": 0.7843289375305176, "performance/step_time": 0.7467057704925537, "losses/a_loss": 0.0070121027529239655, "losses/c_loss": 0.016152216121554375, "losses/entropy": -2.3257575035095215, "info/last_lr": 0.0002601229352876544, "info/lr_mul": 1.0, "info/e_clip": 0.20000000298023224, "info/kl": 0.02292204648256302, "info/epochs": 999.0, "_runtime": 1016, "_step": 2027, "Episode/rew_pos": 0.13090723752975464, "Episode/rew_orient": 0.058944545686244965, "Episode/rew_effort": 0.00019913869618903846, "Episode/rew_spin": 0.017902791500091553, "Episode/raw_dist": 0.056098103523254395, "Episode/raw_orient": 0.1967884600162506, "Episode/raw_effort": 28.810867309570312, "Episode/raw_spin": 1.3411414623260498, "losses/bounds_loss": 0.8490347862243652, "rewards/step": 173.18968200683594, "rewards/iter": 173.18968200683594, "rewards/time": 173.18968200683594, "episode_lengths/step": 150.72108459472656, "episode_lengths/iter": 150.72108459472656, "episode_lengths/time": 150.72108459472656}