{"global_step": 1277952, "_timestamp": 1720549081.533594, "performance/step_inference_rl_update_fps": 25168.603515625, "performance/step_inference_fps": 27065.919921875, "performance/step_fps": 29123.0625, "performance/rl_update_time": 0.04563260078430176, "performance/step_inference_time": 0.6053369045257568, "performance/step_time": 0.5625782012939453, "losses/a_loss": -0.0007111902814358473, "losses/c_loss": 0.13288453221321106, "losses/entropy": 3.7191410064697266, "info/last_lr": 0.00296296295709908, "info/lr_mul": 1.0, "info/e_clip": 0.20000000298023224, "info/kl": 0.016481837257742882, "info/epochs": 79.0, "_runtime": 64, "_step": 95, "Episode/rew_pos": 0.06521296501159668, "Episode/rew_orient": 0.027215491980314255, "Episode/rew_effort": 0.000593179021961987, "Episode/rew_spin": 0.005089187994599342, "Episode/rew_head": 0.10076522082090378, "Episode/raw_dist": 0.02288171648979187, "Episode/raw_orient": 0.09381608664989471, "Episode/raw_effort": 13.644278526306152, "Episode/raw_spin": 0.5348466634750366, "Episode/raw_head": -0.002973828697577119, "losses/bounds_loss": 0.587283730506897, "rewards/step": 154.31466674804688, "rewards/iter": 154.31466674804688, "rewards/time": 154.31466674804688, "episode_lengths/step": 70.96450805664062, "episode_lengths/iter": 70.96450805664062, "episode_lengths/time": 70.96450805664062}