{"global_step": 16384, "_timestamp": 1720542432.9825435, "performance/step_inference_rl_update_fps": 26665.35546875, "performance/step_inference_fps": 28680.353515625, "performance/step_fps": 30780.65625, "performance/rl_update_time": 0.043168067932128906, "performance/step_inference_time": 0.5712621212005615, "performance/step_time": 0.5322823524475098, "losses/a_loss": 0.012378009036183357, "losses/c_loss": 0.9878522157669067, "losses/entropy": 5.685389518737793, "info/last_lr": 0.002562890527769923, "info/lr_mul": 1.0, "info/e_clip": 0.20000000298023224, "info/kl": 0.01672324351966381, "info/epochs": 2.0, "_runtime": 13, "_step": 6, "Episode/rew_pos": 0.02114647626876831, "Episode/rew_orient": 0.0074613564647734165, "Episode/rew_effort": 0.006170408800244331, "Episode/rew_spin": 0.0014765624655410647, "Episode/rew_head": 0.02796660177409649, "Episode/raw_dist": 0.004284403286874294, "Episode/raw_orient": 0.026374831795692444, "Episode/raw_effort": 1.6712284088134766, "Episode/raw_spin": 0.16001683473587036, "Episode/raw_head": -0.0006926758796907961, "losses/bounds_loss": 0.0, "rewards/step": 42.582801818847656, "rewards/iter": 42.582801818847656, "rewards/time": 42.582801818847656, "episode_lengths/step": 17.559070587158203, "episode_lengths/iter": 17.559070587158203, "episode_lengths/time": 17.559070587158203}