{"global_step": 147849216, "_timestamp": 1713339307.007713, "performance/step_inference_rl_update_fps": 57760.61328125, "performance/step_inference_fps": 67173.625, "performance/step_fps": 70228.65625, "performance/rl_update_time": 0.15899276733398438, "performance/step_inference_time": 0.9756209850311279, "performance/step_time": 0.9331803321838379, "losses/a_loss": 0.002904831897467375, "losses/c_loss": 0.0013529686257243156, "losses/entropy": -6.36148738861084, "info/last_lr": 0.00017341530474368483, "info/lr_mul": 1.0, "info/e_clip": 0.20000000298023224, "info/kl": 0.02262633666396141, "info/epochs": 2257.0, "_runtime": 2644, "_step": 6769, "Episode/rew_pos": 0.047199808061122894, "Episode/rew_orient": 0.01926615461707115, "Episode/rew_effort": 0.005366969387978315, "Episode/rew_spin": 0.00031792279332876205, "Episode/raw_dist": 0.0167686864733696, "Episode/raw_orient": 0.04766269028186798, "Episode/raw_effort": 4.389810562133789, "Episode/raw_spin": 1.963284969329834, "losses/bounds_loss": 1.8388948440551758, "rewards/step": 39.42814254760742, "rewards/iter": 39.42814254760742, "rewards/time": 39.42814254760742, "episode_lengths/step": 42.92408752441406, "episode_lengths/iter": 42.92408752441406, "episode_lengths/time": 42.92408752441406}