{"global_step": 16269312, "_timestamp": 1720551313.7376044, "performance/step_inference_rl_update_fps": 29031.74609375, "performance/step_inference_fps": 31524.79296875, "performance/step_fps": 33746.015625, "performance/rl_update_time": 0.04462909698486328, "performance/step_inference_time": 0.5197179317474365, "performance/step_time": 0.48550915718078613, "losses/a_loss": 0.0010627108858898282, "losses/c_loss": 0.027234457433223724, "losses/entropy": 0.18403802812099457, "info/last_lr": 0.0008779149502515793, "info/lr_mul": 1.0, "info/e_clip": 0.20000000298023224, "info/kl": 0.014709390699863434, "info/epochs": 994.0, "_runtime": 633, "_step": 1010, "Episode/rew_pos": 0.08611095696687698, "Episode/rew_orient": 0.03743213042616844, "Episode/rew_effort": 2.660453572453487e-20, "Episode/rew_spin": 0.016261044889688492, "Episode/rew_head": 0.13777193427085876, "Episode/raw_dist": 0.03344067558646202, "Episode/raw_orient": 0.12701056897640228, "Episode/raw_effort": 19.397499084472656, "Episode/raw_spin": 0.3999005854129791, "Episode/raw_head": -0.002648047637194395, "losses/bounds_loss": 1.0490015745162964, "rewards/step": 697.5965576171875, "rewards/iter": 697.5965576171875, "rewards/time": 697.5965576171875, "episode_lengths/step": 304.648193359375, "episode_lengths/iter": 304.648193359375, "episode_lengths/time": 304.648193359375}