{"global_step": 1114112, "_timestamp": 1717087452.5528834, "performance/step_inference_rl_update_fps": 50054.94140625, "performance/step_inference_fps": 58553.94140625, "performance/step_fps": 60588.88671875, "performance/rl_update_time": 0.19003939628601074, "performance/step_inference_time": 1.11924147605896, "performance/step_time": 1.0816504955291748, "losses/a_loss": 0.0013738155830651522, "losses/c_loss": 0.4663800597190857, "losses/entropy": 5.417115211486816, "info/last_lr": 0.004444444552063942, "info/lr_mul": 1.0, "info/e_clip": 0.20000000298023224, "info/kl": 0.022848429158329964, "info/epochs": 18.0, "_runtime": 62, "_step": 54, "Episode/rew_pos": 0.022718757390975952, "Episode/rew_orient": 0.008158976212143898, "Episode/rew_effort": 0.0027163256891071796, "Episode/rew_spin": 0.0018597193993628025, "Episode/rew_head": 0.030375344678759575, "Episode/raw_dist": 0.004770176950842142, "Episode/raw_orient": 0.0283806249499321, "Episode/raw_effort": 2.892805576324463, "Episode/raw_spin": 0.1550125777721405, "Episode/raw_head": -0.00028571239090524614, "losses/bounds_loss": 0.06057501584291458, "rewards/step": 54.97108840942383, "rewards/iter": 54.97108840942383, "rewards/time": 54.97108840942383, "episode_lengths/step": 23.272001266479492, "episode_lengths/iter": 23.272001266479492, "episode_lengths/time": 23.272001266479492}