{"global_step": 851968, "_timestamp": 1719301374.9982884, "performance/step_inference_rl_update_fps": 34654.296875, "performance/step_inference_fps": 40745.19140625, "performance/step_fps": 41738.671875, "performance/rl_update_time": 0.2827010154724121, "performance/step_inference_time": 1.6084351539611816, "performance/step_time": 1.57015061378479, "losses/a_loss": -0.010646526701748371, "losses/c_loss": 0.0006735707866027951, "losses/entropy": 3.5851550102233887, "info/last_lr": 0.009999999776482582, "info/lr_mul": 1.0, "info/e_clip": 0.20000000298023224, "info/kl": 0.014139578677713871, "info/epochs": 14.0, "_runtime": 66, "_step": 40, "Episode/rew_pos": 0.00021418972755782306, "Episode/rew_orient": 0.00035736357676796615, "Episode/rew_effort": 0.0005511153722181916, "Episode/rew_spin": 0.000384313752874732, "Episode/rew_head": 0.001426387345418334, "Episode/raw_dist": 0.001355655025690794, "Episode/raw_orient": 0.0014276891015470028, "Episode/raw_effort": 0.020539622753858566, "Episode/raw_spin": 0.0002657068835105747, "Episode/raw_head": -2.185741141147446e-05, "losses/bounds_loss": 0.0, "rewards/step": 1.3178266286849976, "rewards/iter": 1.3178266286849976, "rewards/time": 1.3182121515274048, "episode_lengths/step": 1.0, "episode_lengths/iter": 1.0, "episode_lengths/time": 1.0}