{"global_step": 1441792, "_timestamp": 1719421956.8337443, "performance/step_inference_rl_update_fps": 55455.26953125, "performance/step_inference_fps": 65248.98046875, "performance/step_fps": 67901.8203125, "performance/rl_update_time": 0.177382230758667, "performance/step_inference_time": 1.0043988227844238, "performance/step_time": 0.965158224105835, "losses/a_loss": -0.004788834601640701, "losses/c_loss": 0.3351869285106659, "losses/entropy": 5.102459907531738, "info/last_lr": 0.009999999776482582, "info/lr_mul": 1.0, "info/e_clip": 0.20000000298023224, "info/kl": 0.018693896010518074, "info/epochs": 23.0, "_runtime": 67, "_step": 69, "Episode/rew_pos": 0.02602081000804901, "Episode/rew_orient": 0.010636473074555397, "Episode/rew_effort": 0.0014924767892807722, "Episode/rew_spin": 0.000978791038505733, "Episode/rew_head": 0.035634346306324005, "Episode/raw_dist": 0.006002075970172882, "Episode/raw_orient": 0.02958492934703827, "Episode/raw_effort": 3.982983112335205, "Episode/raw_spin": 0.3996807634830475, "Episode/raw_head": -3.720246604643762e-05, "losses/bounds_loss": 0.23938193917274475, "rewards/step": 56.89457702636719, "rewards/iter": 56.89457702636719, "rewards/time": 56.89457702636719, "episode_lengths/step": 24.134613037109375, "episode_lengths/iter": 24.134613037109375, "episode_lengths/time": 24.134613037109375}