{"global_step": 589824, "_timestamp": 1719301051.3155205, "performance/step_inference_rl_update_fps": 20821.74609375, "performance/step_inference_fps": 22015.79296875, "performance/step_fps": 22299.583984375, "performance/rl_update_time": 0.17070603370666504, "performance/step_inference_time": 2.9767723083496094, "performance/step_time": 2.9388887882232666, "losses/a_loss": 0.01300409808754921, "losses/c_loss": 0.014576271176338196, "losses/entropy": 5.406521797180176, "info/last_lr": 0.006666666828095913, "info/lr_mul": 1.0, "info/e_clip": 0.20000000298023224, "info/kl": 0.026014938950538635, "info/epochs": 10.0, "_runtime": 71, "_step": 30, "Episode/rew_pos": 0.0003771511255763471, "Episode/rew_orient": 0.0004071374423801899, "Episode/rew_effort": 0.00043278621160425246, "Episode/rew_spin": 0.00031804663012735546, "Episode/rew_head": 0.0016223436687141657, "Episode/raw_dist": 0.0014289430109784007, "Episode/raw_orient": 0.0016209834720939398, "Episode/raw_effort": 0.06594493985176086, "Episode/raw_spin": 0.005587511695921421, "Episode/raw_head": -2.381424928898923e-05, "losses/bounds_loss": 0.0, "rewards/step": 1.9513845443725586, "rewards/iter": 1.9513845443725586, "rewards/time": 1.9513845443725586, "episode_lengths/step": 1.2318181991577148, "episode_lengths/iter": 1.2318181991577148, "episode_lengths/time": 1.2318181991577148, "_wandb": {"runtime": 74}}