{"global_step": 153157632, "_timestamp": 1718597979.8254101, "performance/step_inference_rl_update_fps": 52285.7109375, "performance/step_inference_fps": 60620.76953125, "performance/step_fps": 62696.8359375, "performance/rl_update_time": 0.17233872413635254, "performance/step_inference_time": 1.0810816287994385, "performance/step_time": 1.0452840328216553, "losses/a_loss": 0.0033862022683024406, "losses/c_loss": 0.056263938546180725, "losses/entropy": -4.547567367553711, "info/last_lr": 0.00011561020073713735, "info/lr_mul": 1.0, "info/e_clip": 0.20000000298023224, "info/kl": 0.021085303276777267, "info/epochs": 2338.0, "_runtime": 3022, "_step": 7012, "Episode/rew_pos": 0.42934274673461914, "Episode/rew_orient": 0.17694717645645142, "Episode/rew_effort": 0.0020118081010878086, "Episode/rew_spin": 0.10417771339416504, "Episode/rew_head": 0.6657635569572449, "Episode/raw_dist": 0.15055608749389648, "Episode/raw_orient": 0.6281489133834839, "Episode/raw_effort": 82.93368530273438, "Episode/raw_spin": 1.6037323474884033, "Episode/raw_head": -0.01026204600930214, "losses/bounds_loss": 0.4557988941669464, "rewards/step": 1196.1373291015625, "rewards/iter": 1196.1373291015625, "rewards/time": 1285.037109375, "episode_lengths/step": 562.0150756835938, "episode_lengths/iter": 562.0150756835938, "episode_lengths/time": 562.0150756835938}