{"global_step": 61669376, "_timestamp": 1717065403.9077349, "performance/step_inference_rl_update_fps": 56687.44140625, "performance/step_inference_fps": 66267.53125, "performance/step_fps": 68993.015625, "performance/rl_update_time": 0.16713237762451172, "performance/step_inference_time": 0.9889609813690186, "performance/step_time": 0.9498932361602783, "losses/a_loss": 0.0026387560646981, "losses/c_loss": 0.05637143552303314, "losses/entropy": -1.4285041093826294, "info/last_lr": 5.1382310630287975e-05, "info/lr_mul": 1.0, "info/e_clip": 0.20000000298023224, "info/kl": 0.02663271874189377, "info/epochs": 942.0, "_runtime": 1118, "_step": 2824, "Episode/rew_pos": 0.705838680267334, "Episode/rew_orient": 0.2595844268798828, "Episode/rew_effort": 6.816992627907534e-17, "Episode/rew_spin": 0.10620345175266266, "Episode/rew_head": 0.9810141921043396, "Episode/raw_dist": 0.16664820909500122, "Episode/raw_orient": 0.9291878342628479, "Episode/raw_effort": 138.72576904296875, "Episode/raw_spin": 2.949051856994629, "Episode/raw_head": -0.01522606611251831, "losses/bounds_loss": 0.6535137891769409, "rewards/step": 1622.171630859375, "rewards/iter": 1622.171630859375, "rewards/time": 1590.8096923828125, "episode_lengths/step": 677.7665405273438, "episode_lengths/iter": 677.7665405273438, "episode_lengths/time": 677.7665405273438}