{"global_step": 166264832, "_timestamp": 1717155150.2259278, "performance/step_inference_rl_update_fps": 46703.41796875, "performance/step_inference_fps": 57179.2109375, "performance/step_fps": 59030.44140625, "performance/rl_update_time": 0.25708675384521484, "performance/step_inference_time": 1.146150827407837, "performance/step_time": 1.1102068424224854, "losses/a_loss": 0.006356708239763975, "losses/c_loss": 0.05071070045232773, "losses/entropy": -4.8480939865112305, "info/last_lr": 5.1382310630287975e-05, "info/lr_mul": 1.0, "info/e_clip": 0.20000000298023224, "info/kl": 0.022169344127178192, "info/epochs": 2538.0, "_runtime": 3596, "_step": 7612, "Episode/rew_pos": 0.5920135378837585, "Episode/rew_orient": 0.2386954426765442, "Episode/rew_effort": 1.1022111223724096e-08, "Episode/rew_spin": 0.11889150738716125, "Episode/rew_head": 0.8988107442855835, "Episode/raw_dist": 0.19462326169013977, "Episode/raw_orient": 0.8480361700057983, "Episode/raw_effort": 105.84214782714844, "Episode/raw_spin": 1.280462622642517, "Episode/raw_head": -0.013984618708491325, "losses/bounds_loss": 0.0011488802265375853, "rewards/step": 1537.5977783203125, "rewards/iter": 1537.5977783203125, "rewards/time": 1547.0445556640625, "episode_lengths/step": 677.5670166015625, "episode_lengths/iter": 677.5670166015625, "episode_lengths/time": 677.5670166015625}