{"global_step": 851968, "_timestamp": 1717018118.7536304, "performance/step_inference_rl_update_fps": 52090.75390625, "performance/step_inference_fps": 64626.76171875, "performance/step_fps": 67152.734375, "performance/rl_update_time": 0.24404263496398926, "performance/step_inference_time": 1.0140690803527832, "performance/step_time": 0.9759244918823242, "losses/a_loss": -0.0013195929350331426, "losses/c_loss": 0.2576146423816681, "losses/entropy": 5.554877281188965, "info/last_lr": 0.009999999776482582, "info/lr_mul": 1.0, "info/e_clip": 0.20000000298023224, "info/kl": 0.016063883900642395, "info/epochs": 14.0, "_runtime": 54, "_step": 40, "Episode/rew_pos": 0.020951420068740845, "Episode/rew_orient": 0.007082593627274036, "Episode/rew_effort": 0.0034126201644539833, "Episode/rew_spin": 0.0023254193365573883, "Episode/rew_head": 0.02771156281232834, "Episode/raw_dist": 0.004185708239674568, "Episode/raw_orient": 0.02714255079627037, "Episode/raw_effort": 2.269069194793701, "Episode/raw_spin": 0.08289718627929688, "Episode/raw_head": -9.828939073486254e-05, "losses/bounds_loss": 0.0006074215052649379, "rewards/step": 47.71678924560547, "rewards/iter": 47.71678924560547, "rewards/time": 48.38850021362305, "episode_lengths/step": 20.079999923706055, "episode_lengths/iter": 20.079999923706055, "episode_lengths/time": 20.079999923706055}